{"type": "FeatureCollection", "features": [{"type": "Feature", "geometry": {"type": "Point", "coordinates": [0.2286, 29.2605]}, "properties": {"source": "Piano Mattei portal", "layer": "mattei", "id": "progetto-recupero-terreni-semi-aridi-per-la-produzione-agricola-in-algeria", "name": "Recovery of semi-arid land for agricultural production in Algeria", "name_it": "Recupero terreni semi-aridi per la produzione agricola in Algeria", "description": "In the framework of the agreement signed on 6 July 2024 with the Ministry of Agriculture and Rural Development of the People's Democratic Republic of Algeria, BF International Best Fields Best Food Limited, part of the BF Group, has launched an agricultural cooperation project in the Wilaya of Timimoun, in the area of Timimoun Elkabir, with the Algerian partner National Investment Fund (FNI). The initiative involves the creation of an integrated value chain from seed to finished product, based on a high-technology regenerative agriculture model that currently represents the most significant It", "directives": ["Agriculture/Fisheries"], "sector": "agriculture", "objective": "Strengthening food security", "country": "DZ", "countries": null, "country_names": ["Algeria"], "stage": "Ongoing", "stage_it": "In corso", "dash_status": "under_construction", "amount_text": "EUR 420 million", "amount_eur": 420000000.0, "amount_currency": "EUR", "amount_shared": null, "implementer": "BF International Best Fields Best Food Limited, Algerian National Investment Fund (FNI)", "partnerships": null, "international_partners": null, "resources": "Algerian public resources and Italian private sector", "geo_precision": 1, "location_name": "Timimoun", "locations": null, "gallery": 0, "url": "https://www.governo.it/it/piano-mattei/progetti/progetto/progetto-recupero-terreni-semi-aridi-per-la-produzione-agricola-in-algeria/", "url_en": "https://www.governo.it/en/piano-mattei/progetti/progetto/progetto-recovery-of-semi-arid-land-for-agricultural-production-in-algeria/"}}, {"type": "Feature", "geometry": {"type": "Point", "coordinates": [-5.61145, 7.55339]}, "properties": {"source": "Piano Mattei portal", "layer": "mattei", "id": "progetto-supporto-al-programma-di-digitalizzazione-e-accesso-al-sistema-elettrico-nazionale-della-costa-d-avorio-neda", "name": "Support for C\u00f4te d'Ivoire's national electricity digitalisation and access programme (NEDA)", "name_it": "Supporto al programma di digitalizzazione e accesso al sistema elettrico nazionale della Costa d'Avorio (NEDA)", "description": "The contribution of the Italian Climate Fund \u2013 for an amount of up to EUR 100 million \u2013 will serve to co-finance the National Electricity Digitalisation and Access (NEDA) programme, developed by the World Bank \u2013 under the International Development Association (IDA) \u2013 in 2022 and currently under implementation, through the granting of concessional sovereign financing to the Government of the Republic of C\u00f4te d'Ivoire (which will be added to the USD 300 million allocated by the World Bank and the USD 100 million from the Government of C\u00f4te d'Ivoire).\nThe project is framed within the World Bank's", "directives": ["Energy"], "sector": "energy", "objective": "Access to electric power", "country": "CI", "countries": null, "country_names": ["C\u00f4te d'Ivoire"], "stage": "Approved", "stage_it": "Approvato", "dash_status": "approved", "amount_text": "EUR 150 million", "amount_eur": 150000000.0, "amount_currency": "EUR", "amount_shared": null, "implementer": "Compagnie Ivoirienne d'\u00c9lectricit\u00e9 / C\u00f4te d'Ivoire Energies (CI\u2011Energies)", "partnerships": "World Bank", "international_partners": "World Bank", "resources": "Italian Climate Fund", "geo_precision": 3, "location_name": null, "locations": null, "gallery": 0, "url": "https://www.governo.it/it/piano-mattei/progetti/progetto/progetto-supporto-al-programma-di-digitalizzazione-e-accesso-al-sistema-elettrico-nazionale-della-costa-d-avorio-neda/", "url_en": "https://www.governo.it/en/piano-mattei/progetti/progetto/progetto-support-for-cote-d-ivoire-s-national-electricity-digitalisation-and-access-programme-neda/"}}, {"type": "Feature", "geometry": {"type": "Point", "coordinates": [-2.7993, 8.0843]}, "properties": {"source": "Piano Mattei portal", "layer": "mattei", "id": "progetto-supporto-al-progetto-di-sviluppo-rurale-per-il-polo-agro-industriale-nel-nord-est-della-costa-d-avorio-2pai-ne", "name": "Support for the rural development project for the Agro-Industrial Hub in north-eastern C\u00f4te d'Ivoire (2PAI-NE)", "name_it": "Supporto al progetto di sviluppo rurale per il Polo Agro-Industriale nel nord-est della Costa d\u2019Avorio (2PAI-NE)", "description": "The contribution of the Italian Climate Fund \u2013 for an amount of up to EUR 100 million \u2013 will serve to co-finance the Project for the Agro-Industrial Hub in the North-East \u2013 2PAI-NE, developed with the Government of C\u00f4te d'Ivoire and co-financed (for an amount of EUR 64.5 million) by the International Fund for Agricultural Development (IFAD), with an additional contribution expected from the African Development Bank (AfDB) (for an amount of EUR 93.2 million), for a total project value of around EUR 282.9 million.\nThe operation supports the climate adaptation of agricultural value chains in the ", "directives": ["Agriculture/Fisheries"], "sector": "agriculture", "objective": "Strengthening agricultural production systems", "country": "CI", "countries": null, "country_names": ["C\u00f4te d'Ivoire"], "stage": "Ongoing", "stage_it": "In corso", "dash_status": "under_construction", "amount_text": "EUR 100 million", "amount_eur": 100000000.0, "amount_currency": "EUR", "amount_shared": null, "implementer": "Government of C\u00f4te d'Ivoire, Ministry of Finance", "partnerships": "International Fund for Agricultural Development (IFAD)", "international_partners": "International Fund for Agricultural Development, African Development Bank", "resources": "Italian Climate Fund", "geo_precision": 2, "location_name": "Zanzan district", "locations": null, "gallery": 0, "url": "https://www.governo.it/it/piano-mattei/progetti/progetto/progetto-supporto-al-progetto-di-sviluppo-rurale-per-il-polo-agro-industriale-nel-nord-est-della-costa-d-avorio-2pai-ne/", "url_en": "https://www.governo.it/en/piano-mattei/progetti/progetto/progetto-support-for-the-rural-development-project-for-the-agro-industrial-hub-in-north-eastern-cote-d-ivoire-2pai-ne/"}}, {"type": "Feature", "geometry": {"type": "Point", "coordinates": [32.73, 24.46]}, "properties": {"source": "Piano Mattei portal", "layer": "mattei", "id": "progetto-supporto-alla-realizzazione-di-un-impianto-fotovoltaico-in-egitto-abydos-ii-plafond-africa", "name": "Support for the construction of a photovoltaic plant in Egypt (Abydos II - Plafond Africa)", "name_it": "Supporto alla realizzazione di un impianto fotovoltaico in Egitto (Abydos II - Plafond Africa)", "description": "The project concessional loan \u2013 drawn from Cassa Depositi e Prestiti's (CDP) own resources under the Plafond Africa instrument \u2013 is intended to support the construction and subsequent operation of a 1,000 MW photovoltaic plant, integrated with a 600 MWh Battery Energy Storage System (\"BESS\") near Benban, in the Aswan Governorate of Egypt. Once completed, the project will be Africa's largest plant capable of combining photovoltaic generation and energy storage.\nThe project is part of an emergency programme promoted by the Egyptian Government to install 4 GW of new electricity generation capacit", "directives": ["Energy"], "sector": "energy", "objective": "Electricity generation from renewable sources and reduction of greenhouse gas emissions", "country": "EG", "countries": null, "country_names": ["Egypt"], "stage": "Ongoing", "stage_it": "In corso", "dash_status": "under_construction", "amount_text": "EUR 110 million", "amount_eur": 110000000.0, "amount_currency": "EUR", "amount_shared": null, "implementer": "AMEA Power", "partnerships": "International Finance Corporation\n(IFC)", "international_partners": "World Bank", "resources": "Plafond Africa", "geo_precision": 1, "location_name": "Benban, Aswan", "locations": null, "gallery": 0, "url": "https://www.governo.it/it/piano-mattei/progetti/progetto/progetto-supporto-alla-realizzazione-di-un-impianto-fotovoltaico-in-egitto-abydos-ii-plafond-africa/", "url_en": "https://www.governo.it/en/piano-mattei/progetti/progetto/progetto-support-for-the-construction-of-a-photovoltaic-plant-in-egypt-abydos-ii-plafond-africa/"}}, {"type": "Feature", "geometry": {"type": "Point", "coordinates": [37.79072, 0.59662]}, "properties": {"source": "Piano Mattei portal", "layer": "mattei", "id": "progetto-supporto-al-bilancio-del-kenya-per-la-realizzazione-di-investimenti-a-contrasto-del-cambiamento-climatico", "name": "Budget support to Kenya for the delivery of investments to combat climate change", "name_it": "Supporto al bilancio del Kenya per la realizzazione di investimenti a contrasto del cambiamento climatico", "description": "The intervention consists of policy-based financing with a total value of EUR 150 million to the Government of the Republic of Kenya, drawn from the resources of the Italian Climate Fund.\nThe initiative falls within the context of the Development Policy Financing programme for fiscal sustainability and resilient growth, promoted by the World Bank for a total value of over USD 2.5 billion. Specifically, the financing falls under Pillar 3 of the World Bank programme, dedicated to strengthening policies designed to foster investments to combat climate change.\nThe Policy Actions envisaged by the K", "directives": ["Physical and digital infrastructure", "Health", "Water"], "sector": "other", "objective": "Delivery of investments to combat climate change", "country": "KE", "countries": null, "country_names": ["Kenya"], "stage": "Ongoing", "stage_it": "In corso", "dash_status": "under_construction", "amount_text": "EUR 150 million", "amount_eur": 150000000.0, "amount_currency": "EUR", "amount_shared": null, "implementer": null, "partnerships": null, "international_partners": "World Bank", "resources": "Italian Climate Fund", "geo_precision": 3, "location_name": null, "locations": null, "gallery": 0, "url": "https://www.governo.it/it/piano-mattei/progetti/progetto/progetto-supporto-al-bilancio-del-kenya-per-la-realizzazione-di-investimenti-a-contrasto-del-cambiamento-climatico/", "url_en": "https://www.governo.it/en/piano-mattei/progetti/progetto/progetto-budget-support-to-kenya-for-the-delivery-of-investments-to-combat-climate-change/"}}, {"type": "Feature", "geometry": {"type": "Point", "coordinates": [37.79072, 0.59662]}, "properties": {"source": "Piano Mattei portal", "layer": "mattei", "id": "progetto-assistenza-tecnica-per-lo-sviluppo-della-finanza-climatica-in-kenya", "name": "Technical assistance for the development of climate finance in Kenya", "name_it": "Assistenza tecnica per lo sviluppo della finanza climatica in Kenya", "description": "The initiative follows the request of the Government of Kenya to benefit from a grant contribution alongside the EUR 150 million sovereign financing drawn from the resources of the Italian Climate Fund, in order to implement some of the objectives envisaged therein, in particular the achievement of the objectives of the World Bank's development programme (Development Policy Financing - DPF) for fiscal sustainability and resilient growth, which include, among other things, the development of innovative climate finance instruments.\nThe objective of the initiative is the development of Kenya's fi", "directives": ["Water", "Agriculture/Fisheries", "Energy", "Education/Training/Culture", "Physical and digital infrastructure", "Health"], "sector": "other", "objective": "Sustainable finance", "country": "KE", "countries": null, "country_names": ["Kenya"], "stage": "Approved", "stage_it": "Approvato", "dash_status": "approved", "amount_text": "EUR 3 million", "amount_eur": 3000000.0, "amount_currency": "EUR", "amount_shared": null, "implementer": "World Bank, Government of Kenya", "partnerships": null, "international_partners": "World Bank", "resources": "Italian Climate Fund", "geo_precision": 3, "location_name": null, "locations": null, "gallery": 0, "url": "https://www.governo.it/it/piano-mattei/progetti/progetto/progetto-assistenza-tecnica-per-lo-sviluppo-della-finanza-climatica-in-kenya/", "url_en": "https://www.governo.it/en/piano-mattei/progetti/progetto/progetto-technical-assistance-for-the-development-of-climate-finance-in-kenya/"}}, {"type": "Feature", "geometry": {"type": "Point", "coordinates": [-8.41918, 29.88514]}, "properties": {"source": "Piano Mattei portal", "layer": "mattei", "id": "progetto-supporto-al-programma-di-sostegno-alla-strategia-nazionale-dell-acqua-del-marocco", "name": "Support for the programme in support of Morocco's national water strategy", "name_it": "Supporto al programma di sostegno alla strategia nazionale dell'acqua del Marocco", "description": "The initiative provides for the granting of policy-based sovereign financing on concessional terms for an amount of up to EUR 100 million, drawn from the resources of the Italian Climate Fund, to the Government of the Kingdom of Morocco in support of the Programme in support of the National Water Strategy.\nThe Programme takes the form of joint co-financing within an initiative promoted under the Team Europe approach, with a total value of EUR 347.3 million, originating from the partnership between European development finance institutions known as the Joint European Financiers for Internationa", "directives": ["Water"], "sector": "water", "objective": "Water resource management", "country": "MA", "countries": null, "country_names": ["Morocco"], "stage": "Approved", "stage_it": "Approvato", "dash_status": "approved", "amount_text": "EUR 100 million", "amount_eur": 100000000.0, "amount_currency": "EUR", "amount_shared": null, "implementer": "Directorate General for Hydraulics (DGH) of Morocco's Ministry of Equipment and Water", "partnerships": "European Union, African Development Bank (AfDB), German development bank (KfW)", "international_partners": "Global Gateway/Team Europe", "resources": "Italian Climate Fund", "geo_precision": 3, "location_name": null, "locations": null, "gallery": 0, "url": "https://www.governo.it/it/piano-mattei/progetti/progetto/progetto-supporto-al-programma-di-sostegno-alla-strategia-nazionale-dell-acqua-del-marocco/", "url_en": "https://www.governo.it/en/piano-mattei/progetti/progetto/progetto-support-for-the-programme-in-support-of-morocco-s-national-water-strategy/"}}, {"type": "Feature", "geometry": {"type": "Point", "coordinates": [35.47253, -17.23125]}, "properties": {"source": "Piano Mattei portal", "layer": "mattei", "id": "progetto-supporto-al-programma-accelerating-sustainable-and-clean-energy-access-transformation-ascent-in-mozambico", "name": "Support for the Accelerating Sustainable and Clean Energy Access Transformation (ASCENT) programme in Mozambique", "name_it": "Supporto al programma Accelerating Sustainable and Clean Energy Access Transformation (ASCENT) in Mozambico", "description": "The contribution of the Italian Climate Fund, for an amount of up to EUR 100 million, is intended to finance the +ENERGIA Off-Grid Finance Facility, a national financing platform created in 2024 by the Government of Mozambique, with the support of the World Bank, to mobilise private companies for the deployment of renewable systems not connected to the national electricity grid (off-grid) for households and public services (e.g. health facilities) in remote rural areas, with a focus on four provinces in the centre-north of the nation.\nThe financing falls within the framework of the World Bank'", "directives": ["Energy"], "sector": "energy", "objective": "Access to electricity", "country": "MZ", "countries": null, "country_names": ["Mozambique"], "stage": "Approved", "stage_it": "Approvato", "dash_status": "approved", "amount_text": "EUR 100 million", "amount_eur": 100000000.0, "amount_currency": "EUR", "amount_shared": null, "implementer": "Fundo de Energia (FUNAE), a public body under the Ministry of Mineral Resources and Energy (MIREME)", "partnerships": "World Bank", "international_partners": "World Bank", "resources": "Italian Climate Fund", "geo_precision": 3, "location_name": null, "locations": null, "gallery": 0, "url": "https://www.governo.it/it/piano-mattei/progetti/progetto/progetto-supporto-al-programma-accelerating-sustainable-and-clean-energy-access-transformation-ascent-in-mozambico/", "url_en": "https://www.governo.it/en/piano-mattei/progetti/progetto/progetto-support-for-the-accelerating-sustainable-and-clean-energy-access-transformation-ascent-programme-in-mozambique/"}}, {"type": "Feature", "geometry": {"type": "Point", "coordinates": [29.91916, -2.01228]}, "properties": {"source": "Piano Mattei portal", "layer": "mattei", "id": "progetto-finanziamento-in-favore-della-banca-di-sviluppo-del-ruanda-di-sviluppo-per-progetti-di-rafforzamento-d-99824cdc", "name": "Financing to the Development Bank of Rwanda for climate resilience strengthening projects", "name_it": "Finanziamento in favore della Banca di sviluppo del Ruanda di sviluppo per progetti di rafforzamento della resilienza climatica", "description": "The contribution of the Italian Climate Fund provides for the granting of financing for an amount of EUR 30 million to the Development Bank of Rwanda (Banque Rwandaise de D\u00e9veloppement - BRD), for the financing of projects to strengthen climate resilience in the country.\nThe initiative works in synergy with the EUR 50 million policy-based sovereign financing granted by the Climate Fund to Rwanda's Ministry of Finance and Economic Planning (\"Minecofin\") to support green mitigation and adaptation reforms in the nation.\nThe financing operation for the Development Bank of Rwanda falls within the f", "directives": ["Water", "Agriculture/Fisheries", "Energy", "Education/Training/Culture", "Physical and digital infrastructure", "Health"], "sector": "other", "objective": "Green transition", "country": "RW", "countries": null, "country_names": ["Rwanda"], "stage": "Approved", "stage_it": "Approvato", "dash_status": "approved", "amount_text": "EUR 30 million", "amount_eur": 30000000.0, "amount_currency": "EUR", "amount_shared": null, "implementer": "Development Bank of Rwanda", "partnerships": null, "international_partners": null, "resources": "Italian Climate Fund", "geo_precision": 3, "location_name": null, "locations": null, "gallery": 0, "url": "https://www.governo.it/it/piano-mattei/progetti/progetto/progetto-finanziamento-in-favore-della-banca-di-sviluppo-del-ruanda-di-sviluppo-per-progetti-di-rafforzamento-d-99824cdc/", "url_en": "https://www.governo.it/en/piano-mattei/progetti/progetto/progetto-financing-to-the-development-bank-of-rwanda-for-climate-resilience-strengthening-projects/"}}, {"type": "Feature", "geometry": {"type": "Point", "coordinates": [-14.51187, 14.35507]}, "properties": {"source": "Piano Mattei portal", "layer": "mattei", "id": "progetto-finanziamento-per-la-sovranita-alimentare-in-senegal", "name": "Financing for food sovereignty in Senegal", "name_it": "Finanziamento per la sovranit\u00e0 alimentare in Senegal", "description": "The initiative takes the form of sovereign financing to the Republic of Senegal for an amount of up to EUR 90 million \u2013 to support the Support to Food Sovereignty in Senegal Project (SFSP), developed by the International Fund for Agricultural Development (IFAD) with the Government of the Republic of Senegal. The project (with a total value of around EUR 257 million) is aimed at improving the food security of the rural population and resilience to shocks of various kinds, including climate change. This objective will be pursued through the strengthening of food sovereignty, improving the produc", "directives": ["Agriculture/Fisheries"], "sector": "agriculture", "objective": "Strengthening food security and climate resilience", "country": "SN", "countries": null, "country_names": ["Senegal"], "stage": "Formulated", "stage_it": "Formulato", "dash_status": "announced", "amount_text": "EUR 90 million", "amount_eur": 90000000.0, "amount_currency": "EUR", "amount_shared": null, "implementer": "Government of Senegal - Ministry of Agriculture, Food Sovereignty and Livestock", "partnerships": "International Fund for Agricultural Development (IFAD)", "international_partners": "International Fund for Agricultural Development", "resources": "Italian Climate Fund", "geo_precision": 3, "location_name": null, "locations": null, "gallery": 0, "url": "https://www.governo.it/it/piano-mattei/progetti/progetto/progetto-finanziamento-per-la-sovranita-alimentare-in-senegal/", "url_en": "https://www.governo.it/en/piano-mattei/progetti/progetto/progetto-financing-for-food-sovereignty-in-senegal/"}}, {"type": "Feature", "geometry": {"type": "Point", "coordinates": [25.11615, -28.96243]}, "properties": {"source": "Piano Mattei portal", "layer": "mattei", "id": "progetto-finanziamento-alla-banca-di-sviluppo-del-sudafrica-per-sostenere-la-transizione-energetica", "name": "Financing to the Development Bank of Southern Africa to support the energy transition", "name_it": "Finanziamento alla Banca di Sviluppo del Sudafrica per sostenere la transizione energetica", "description": "The initiative concerns the granting of financing by the Italian Climate Fund for an amount of EUR 80 million to South Africa's main public development bank (DBSA), wholly controlled by the South African Government and with a mandate to promote infrastructure and energy development in the nations of the Southern African Development Community (SADC) and, more generally, in sub-Saharan Africa.\nThe objective is to support South Africa's energy transition by helping to reduce dependence on thermal energy (particularly from fossil sources) and incentivising sustainable development projects in the r", "directives": ["Energy"], "sector": "energy", "objective": "Energy transition and reduction of greenhouse gas emissions", "country": "ZA", "countries": null, "country_names": ["South Africa"], "stage": "Approved", "stage_it": "Approvato", "dash_status": "approved", "amount_text": "EUR 80 million", "amount_eur": 80000000.0, "amount_currency": "EUR", "amount_shared": null, "implementer": "Development Bank of Southern Africa (DBSA)", "partnerships": null, "international_partners": null, "resources": "Italian Climate Fund", "geo_precision": 3, "location_name": null, "locations": null, "gallery": 0, "url": "https://www.governo.it/it/piano-mattei/progetti/progetto/progetto-finanziamento-alla-banca-di-sviluppo-del-sudafrica-per-sostenere-la-transizione-energetica/", "url_en": "https://www.governo.it/en/piano-mattei/progetti/progetto/progetto-financing-to-the-development-bank-of-southern-africa-to-support-the-energy-transition/"}}, {"type": "Feature", "geometry": {"type": "Point", "coordinates": [37.79072, 0.59662]}, "properties": {"source": "Piano Mattei portal", "layer": "mattei", "id": "progetto-assistenza-tecnica-per-aumentare-la-copertura-forestale-del-kenya", "name": "Technical assistance to increase Kenya's forest cover", "name_it": "Assistenza tecnica per aumentare la copertura forestale del Kenya", "description": "The intervention consists of a technical assistance programme of the Italian Climate Fund, worth EUR 2.5 million, aimed at fostering an increase in forest cover in Kenya through actions aimed at the sustainable development of public and private partnerships for the marketing of non-timber forest products and the promotion of ecotourism. The project aims to promote non-timber forest products with high potential economic, environmental and social impact and to make Kenya's tourism offering more sustainable through the development of ecotourism and the involvement of local communities.\nThe initia", "directives": ["Agriculture/Fisheries"], "sector": "agriculture", "objective": "Increasing forest cover and promoting ecotourism", "country": "KE", "countries": null, "country_names": ["Kenya"], "stage": "Approved", "stage_it": "Approvato", "dash_status": "approved", "amount_text": "EUR 2.5 million", "amount_eur": 2500000.0, "amount_currency": "EUR", "amount_shared": null, "implementer": "Sogesid", "partnerships": null, "international_partners": null, "resources": "Italian Climate Fund", "geo_precision": 3, "location_name": null, "locations": null, "gallery": 0, "url": "https://www.governo.it/it/piano-mattei/progetti/progetto/progetto-assistenza-tecnica-per-aumentare-la-copertura-forestale-del-kenya/", "url_en": "https://www.governo.it/en/piano-mattei/progetti/progetto/progetto-technical-assistance-to-increase-kenya-s-forest-cover/"}}, {"type": "Feature", "geometry": {"type": "Point", "coordinates": [1.2158, 6.1304]}, "properties": {"source": "Piano Mattei portal", "layer": "mattei", "id": "progetto-finanziamento-alla-banque-ouest-africaine-de-developpement", "name": "Financing to the Banque Ouest-Africaine de D\u00e9veloppement", "name_it": "Finanziamento alla Banque Ouest-Africaine de Dev\u00e9loppement", "description": "The Italian Climate Fund's intervention in favour of the West African Development Bank (Banque Ouest-Africaine de D\u00e9veloppement - BOAD) is a subscription of up to EUR 100 million of a subordinated hybrid bond issuance \u2014 one of the first of its kind issued by a multilateral development bank on the African continent \u2014 aimed at strengthening the Bank's capitalisation and at mobilising climate finance in the nations of the West African Economic and Monetary Union (WAEMU): Benin, Burkina Faso, C\u00f4te d'Ivoire, Guinea-Bissau, Mali, Niger, Senegal and Togo.\nThe intervention consisted of the subscriptio", "directives": ["Energy"], "sector": "energy", "objective": "Mobilisation of climate finance in West Africa", "country": "TG", "countries": ["BJ", "BF", "CI", "GW", "ML", "NE", "SN", "TG"], "country_names": ["Benin", "Burkina Faso", "C\u00f4te d'Ivoire", "Guinea-Bissau", "Mali", "Niger", "Senegal", "Togo"], "stage": "Ongoing", "stage_it": "In corso", "dash_status": "under_construction", "amount_text": "EUR 100 million", "amount_eur": 100000000.0, "amount_currency": "EUR", "amount_shared": null, "implementer": "West African Development Bank (BOAD)", "partnerships": null, "international_partners": null, "resources": "Italian Climate Fund", "geo_precision": 1, "location_name": "Lom\u00e9 (BOAD headquarters)", "locations": null, "gallery": 0, "url": "https://www.governo.it/it/piano-mattei/progetti/progetto/progetto-finanziamento-alla-banque-ouest-africaine-de-developpement/", "url_en": "https://www.governo.it/en/piano-mattei/progetti/progetto/progetto-financing-to-the-banque-ouest-africaine-de-developpement/"}}, {"type": "Feature", "geometry": {"type": "Point", "coordinates": [37.79072, 0.59662]}, "properties": {"source": "Piano Mattei portal", "layer": "mattei", "id": "progetto-sviluppo-di-filiere-agricole-per-biocarburanti-avanzati-in-kenya", "name": "Development of agricultural value chains for advanced biofuels in Kenya", "name_it": "Sviluppo di filiere agricole per biocarburanti avanzati in Kenya", "description": "The intervention for the development of agricultural value chains for advanced biofuels in Kenya is a loan drawn from the resources of the Italian Climate Fund, for an amount of USD 75 million, in support of the construction and operation of plants for the production of vegetable oil and the valorisation of extraction by-products (the Agri-Hubs), with the aim of supporting biofuel production within Eni's biorefining system. The financing, signed in 2024 on market terms, is part of a co-financing operation for a total amount of up to USD 210 million, with the International Finance Corporation (", "directives": ["Energy"], "sector": "energy", "objective": "Green transition", "country": "KE", "countries": null, "country_names": ["Kenya"], "stage": "Ongoing", "stage_it": "In corso", "dash_status": "under_construction", "amount_text": "$75 million", "amount_eur": 66815144.77, "amount_currency": "USD", "amount_shared": null, "implementer": null, "partnerships": "International Finance Corporation (IFC)", "international_partners": null, "resources": "Italian Climate Fund", "geo_precision": 3, "location_name": null, "locations": null, "gallery": 0, "url": "https://www.governo.it/it/piano-mattei/progetti/progetto/progetto-sviluppo-di-filiere-agricole-per-biocarburanti-avanzati-in-kenya/", "url_en": "https://www.governo.it/en/piano-mattei/progetti/progetto/progetto-development-of-agricultural-value-chains-for-advanced-biofuels-in-kenya/"}}, {"type": "Feature", "geometry": {"type": "Point", "coordinates": [29.91916, -2.01228]}, "properties": {"source": "Piano Mattei portal", "layer": "mattei", "id": "progetto-supporto-al-bilancio-del-ruanda-per-la-sostenere-la-mitigazione-e-l-adattamento-al-cambiamento-climatico", "name": "Budget support to Rwanda to sustain climate change mitigation and adaptation", "name_it": "Supporto al bilancio del Ruanda per la sostenere la mitigazione e l\u2019adattamento al cambiamento climatico", "description": "The financing is a concessional sovereign loan of up to EUR 50 million to Rwanda's Ministry of Finance (MoF), aimed at supporting climate change mitigation and adaptation in the nation.\nThe rationale for the intervention is rooted in Rwanda's profound climate vulnerability. The floods and landslides of May 2023 \u2014 130 deaths, 18,000 displaced people, 10 out of 30 districts affected \u2014 made tangible fragilities that were already well known: an agricultural sector that employs more than two thirds of the population and depends almost entirely on rainfall, an extremely high population density (546 ", "directives": ["Water", "Agriculture/Fisheries", "Energy", "Education/Training/Culture", "Physical and digital infrastructure", "Health"], "sector": "other", "objective": "Green transition - institutional climate reforms", "country": "RW", "countries": null, "country_names": ["Rwanda"], "stage": "Ongoing", "stage_it": "In corso", "dash_status": "under_construction", "amount_text": "EUR 50 million", "amount_eur": 50000000.0, "amount_currency": "EUR", "amount_shared": null, "implementer": null, "partnerships": "World Bank", "international_partners": null, "resources": "Italian Climate Fund", "geo_precision": 3, "location_name": null, "locations": null, "gallery": 0, "url": "https://www.governo.it/it/piano-mattei/progetti/progetto/progetto-supporto-al-bilancio-del-ruanda-per-la-sostenere-la-mitigazione-e-l-adattamento-al-cambiamento-climatico/", "url_en": "https://www.governo.it/en/piano-mattei/progetti/progetto/progetto-budget-support-to-rwanda-to-sustain-climate-change-mitigation-and-adaptation/"}}, {"type": "Feature", "geometry": {"type": "Point", "coordinates": [10.1858, 36.8002]}, "properties": {"source": "Piano Mattei portal", "layer": "mattei", "id": "progetto-tandem-italia-tunisia-finanziamento-nell-ambito-della-sicurezza-agroalimentare-e-idrica-tanit", "name": "TANdem Italia-Tunisia. Financing in the field of agri-food and water security (\"Tanit\")", "name_it": "TANdem Italia- Tunisia. Finanziamento nell'ambito della sicurezza agroalimentare e idrica (\u201cTanit\u201d)", "description": "TANIT \u2014 an acronym for TANdem Italia-Tunisia \u2014 is a cooperation programme between Italy and Tunisia, within the framework of the Mattei Plan. TANIT is organised around two pillars: (i) the non-conventional treatment of wastewater and improvement of the performance of the agricultural sector in the target regions; (ii) support for training, research and knowledge transfer for innovation in agriculture. The programme brings together two of the Mattei Plan's priorities \u2014 training and agriculture \u2014 in an integrated framework that simultaneously addresses food security, water scarcity and climate r", "directives": ["Water", "Education/Training/Culture", "Agriculture/Fisheries", "Physical and digital infrastructure"], "sector": "water", "objective": "Food security, water management, vocational training and agricultural innovation", "country": "TN", "countries": null, "country_names": ["Tunisia"], "stage": "Approved", "stage_it": "Approvato", "dash_status": "approved", "amount_text": "EUR 250 million for TANIT infrastructure / EUR 36.5 million for TANIT KT", "amount_eur": 250000000.0, "amount_currency": "EUR", "amount_shared": null, "implementer": "Government of Tunisia / CIHEAM Bari", "partnerships": "Tunisian Ministry of Agriculture and Fisheries (MARHP), Ministry of Economy and Planning (MEP); Office National de l'Assainissement (ONAS); Ministry of Higher Education and Scientific Research (MESRS); Ministry of Employment and Vocational Training (MEFP); Institution for Agricultural Research and Higher Education (IRESA); \u00c9cole Sup\u00e9rieure d'Agriculture de Mograne (ESA Mograne); Institut National de la Recherche Agronomique de Tunisie (INRAT)", "international_partners": null, "resources": "Italian Climate Fund / Ministry of Foreign Affairs and International Cooperation", "geo_precision": 1, "location_name": "Tunis (El Attar plant)", "locations": [[10.378, 36.1341, "Enfidha"], [10.7604, 34.7394, "Sfax"]], "gallery": 0, "url": "https://www.governo.it/it/piano-mattei/progetti/progetto/progetto-tandem-italia-tunisia-finanziamento-nell-ambito-della-sicurezza-agroalimentare-e-idrica-tanit/", "url_en": "https://www.governo.it/en/piano-mattei/progetti/progetto/progetto-tandem-italia-tunisia-financing-in-the-field-of-agri-food-and-water-security-tanit/"}}, {"type": "Feature", "geometry": {"type": "Point", "coordinates": [15.2712, -4.2694]}, "properties": {"source": "Piano Mattei portal", "layer": "mattei", "id": "progetto-finanziamento-sovrano-a-supporto-del-programma-di-rafforzamento-del-sistema-elettrico-nazionale-in-rep-7d281773", "name": "Sovereign financing in support of the national electricity system strengthening programme in the Republic of the Congo (PASEL)", "name_it": "Finanziamento sovrano a supporto del programma di rafforzamento del sistema elettrico nazionale in Repubblica del Congo (PASEL)", "description": "The contribution of the Italian Climate Fund \u2013 for an amount of up to EUR 100 million drawn from the Mattei Plan Quota \u2013 is intended to co-finance the PASEL project - Projet d'Am\u00e9lioration des Services d'\u00c9lectricit\u00e9, framed within the World Bank and African Development Bank regional initiative \"Mission 300\", which aims to bring access to electricity to 300 million Africans by 2030. The project, developed by the World Bank and implemented by the Government of the Republic of the Congo for a total of EUR 192.8 million, is aimed at improving the quality and reliability of the electricity service,", "directives": ["Energy"], "sector": "energy", "objective": "Access to electric power and reduction of technical and commercial losses in the distribution system", "country": "CG", "countries": null, "country_names": ["Republic of the Congo"], "stage": "Approved", "stage_it": "Approvato", "dash_status": "approved", "amount_text": "EUR 100 million", "amount_eur": 100000000.0, "amount_currency": "EUR", "amount_shared": null, "implementer": "Ministry of Energy and Hydraulics of the Republic of the Congo; \u00c9nergie \u00c9lectrique du Congo (E2C)", "partnerships": "**Italian partnerships**: MAECI-DGCS; CDP; AICS; ICE; and the Italian academic and research system, private sector.", "international_partners": "World Bank", "resources": "Italian Climate Fund", "geo_precision": 1, "location_name": "Brazzaville", "locations": [[11.8503, -4.7975, "Pointe-Noire"]], "gallery": 0, "url": "https://www.governo.it/it/piano-mattei/progetti/progetto/progetto-finanziamento-sovrano-a-supporto-del-programma-di-rafforzamento-del-sistema-elettrico-nazionale-in-rep-7d281773/", "url_en": "https://www.governo.it/en/piano-mattei/progetti/progetto/progetto-sovereign-financing-in-support-of-the-national-electricity-system-strengthening-programme-in-the-repub-70566efb/"}}, {"type": "Feature", "geometry": {"type": "Point", "coordinates": [39.55207, 8.65491]}, "properties": {"source": "Piano Mattei portal", "layer": "mattei", "id": "progetto-supporto-al-programma-di-riforme-in-ambito-climatico-denominato-third-ethiopia-development-policy-oper-197436a6", "name": "Support for the climate reform programme known as the \"Third Ethiopia Development Policy Operation\" (DPO3)", "name_it": "Supporto al programma di riforme in ambito climatico denominato \u201cThird Ethiopia Development Policy Operation\u201d (DPO3)", "description": "The initiative falls within the context of a policy-based support operation promoted by the World Bank aimed at supporting strategic climate reforms, oriented towards removing structural constraints on private investment, mobilising climate finance resources and strengthening the institutional framework for climate change mitigation and adaptation. In particular, the World Bank has already approved two previous Development Policy Operations, in 2024 and 2025, for a total amount of USD 1.45 billion, comprising International Development Association (IDA) resources in the form of grants and conce", "directives": ["Water", "Agriculture/Fisheries", "Energy", "Education/Training/Culture", "Physical and digital infrastructure", "Health"], "sector": "other", "objective": "Budget support for strategic climate and environmental reforms", "country": "ET", "countries": null, "country_names": ["Ethiopia"], "stage": "Approved", "stage_it": "Approvato", "dash_status": "approved", "amount_text": "EUR 150 million", "amount_eur": 150000000.0, "amount_currency": "EUR", "amount_shared": null, "implementer": "Government of the Federal Democratic Republic of Ethiopia", "partnerships": "World Bank", "international_partners": "World Bank", "resources": "Italian Climate Fund / Ministry of Foreign Affairs and International Cooperation", "geo_precision": 3, "location_name": null, "locations": null, "gallery": 0, "url": "https://www.governo.it/it/piano-mattei/progetti/progetto/progetto-supporto-al-programma-di-riforme-in-ambito-climatico-denominato-third-ethiopia-development-policy-oper-197436a6/", "url_en": "https://www.governo.it/en/piano-mattei/progetti/progetto/progetto-support-for-the-climate-reform-programme-known-as-the-third-ethiopia-development-policy-operation-dpo3/"}}, {"type": "Feature", "geometry": {"type": "Point", "coordinates": [-0.6341, 35.1907]}, "properties": {"source": "Piano Mattei portal", "layer": "mattei", "id": "progetto-creazione-del-centro-algero-italiano-di-eccellenza-per-la-formazione-la-ricerca-e-l-innovazione-in-agr-f2b6585a", "name": "Establishment of the Enrico Mattei Algerian-Italian Centre of Excellence for Training, Research and Innovation in Agriculture", "name_it": "Creazione del Centro Algero-Italiano di Eccellenza per la Formazione, la Ricerca e l'Innovazione in Agricoltura - Enrico Mattei", "description": "At the fifth intergovernmental summit held in Rome in July 2025, Italy and Algeria formalised an agreement for the creation of the \"Enrico Mattei\" Algerian-Italian Centre of Excellence for Agricultural Training, Research and Innovation, a hub of excellence dedicated to vocational training, research and innovation in the agricultural and agri-food sector. The facility is located in Sidi Bel Abb\u00e8s, a city in north-western Algeria with a well-established local research ecosystem in the field of agronomy, and is named in memory of Enrico Mattei, an emblematic figure of the energy and development p", "directives": ["Education/Training/Culture", "Agriculture/Fisheries"], "sector": "education", "objective": "Sustainable agricultural training and innovation", "country": "DZ", "countries": null, "country_names": ["Algeria"], "stage": "Ongoing", "stage_it": "In corso", "dash_status": "under_construction", "amount_text": "EUR 2.5 million for the preliminary phase", "amount_eur": 2500000.0, "amount_currency": "EUR", "amount_shared": null, "implementer": "University of Tuscia", "partnerships": "Ministry of Agriculture, Rural Development and Fisheries (MADRP), International Centre for Advanced Mediterranean Agronomic Studies of Bari (CIHEAM)", "international_partners": null, "resources": "Ministry of Foreign Affairs and International Cooperation and other resources", "geo_precision": 1, "location_name": "Sidi Bel Abb\u00e8s", "locations": null, "gallery": 0, "url": "https://www.governo.it/it/piano-mattei/progetti/progetto/progetto-creazione-del-centro-algero-italiano-di-eccellenza-per-la-formazione-la-ricerca-e-l-innovazione-in-agr-f2b6585a/", "url_en": "https://www.governo.it/en/piano-mattei/progetti/progetto/progetto-establishment-of-the-enrico-mattei-algerian-italian-centre-of-excellence-for-training-research-and-inn-432a4192/"}}, {"type": "Feature", "geometry": {"type": "Point", "coordinates": [-5.61145, 7.55339]}, "properties": {"source": "Piano Mattei portal", "layer": "mattei", "id": "progetto-sostegno-al-settore-dell-istruzione-primaria", "name": "Support for the primary education sector", "name_it": "Sostegno al settore dell'Istruzione primaria", "description": "As part of a broader call launched by AICS for initiatives in C\u00f4te d'Ivoire implemented by civil society organisations, a EUR 15 million grant allocation is dedicated to strengthening the quality of the primary education system in the country. Two projects for the benefit of the Ivorian child population were selected.\nThe first project, REUSSIR \u2013 strengthening the quality of the primary education system in C\u00f4te d'Ivoire, is implemented by AVSI in a temporary purpose association with CeVI, with funding of EUR 10 million. The initiative aims to improve the quality of teaching and learning in hun", "directives": ["Education/Training/Culture"], "sector": "education", "objective": "Strengthening the primary education system", "country": "CI", "countries": null, "country_names": ["C\u00f4te d'Ivoire"], "stage": "Ongoing", "stage_it": "In corso", "dash_status": "under_construction", "amount_text": "EUR 15 million", "amount_eur": 15000000.0, "amount_currency": "EUR", "amount_shared": null, "implementer": "Associazione Volontari per il Servizio Internazionale (AVSI), Fondazione Albero della Vita", "partnerships": "Centro Internazionale di Volontariato (CEVI) with AVSI, Volontariato Internazionale per lo Sviluppo (VIS) with Fondazione Albero della Vita", "international_partners": null, "resources": "Ministry of Foreign Affairs and International Cooperation (MAECI)", "geo_precision": 3, "location_name": null, "locations": null, "gallery": 3, "url": "https://www.governo.it/it/piano-mattei/progetti/progetto/progetto-sostegno-al-settore-dell-istruzione-primaria/", "url_en": "https://www.governo.it/en/piano-mattei/progetti/progetto/progetto-support-for-the-primary-education-sector/"}}, {"type": "Feature", "geometry": {"type": "Point", "coordinates": [-4.0202, 5.4263]}, "properties": {"source": "Piano Mattei portal", "layer": "mattei", "id": "progetto-rafforzamento-del-settore-sanitario", "name": "Strengthening the health sector", "name_it": "Rafforzamento del settore sanitario", "description": "The Programme in support of the Ivorian health sector, with a combination of grant resources (EUR 19 million) and concessional loans (EUR 55 million), is organised into four components, with CUAMM as technical partner.\nThe first component, implemented by the Catholic University of Milan in partnership with CUAMM, provides for activities to support the local network of religious organisations working in the health field in the nation (EUR 3 million). The project targets 20 facilities of the network of the Union des Religieux et Religieuses en Sant\u00e9 de C\u00f4te d'Ivoire (URSSCI) to guarantee quality", "directives": ["Health", "Education/Training/Culture"], "sector": "health", "objective": "Strengthening maternal and child health", "country": "CI", "countries": null, "country_names": ["C\u00f4te d'Ivoire"], "stage": "Ongoing", "stage_it": "In corso", "dash_status": "under_construction", "amount_text": "EUR 74 million", "amount_eur": 74000000.0, "amount_currency": "EUR", "amount_shared": null, "implementer": "Universit\u00e0 Cattolica del Sacro Cuore, University of Padua", "partnerships": "Collegio Universitario Aspiranti Medici Missionari (CUAMM)", "international_partners": null, "resources": "Ministry of Foreign Affairs and International Cooperation (MAECI)", "geo_precision": 1, "location_name": "Abobo, Abidjan", "locations": [[-3.4968, 6.7269, "Abengourou"]], "gallery": 0, "url": "https://www.governo.it/it/piano-mattei/progetti/progetto/progetto-rafforzamento-del-settore-sanitario/", "url_en": "https://www.governo.it/en/piano-mattei/progetti/progetto/progetto-strengthening-the-health-sector/"}}, {"type": "Feature", "geometry": {"type": "Point", "coordinates": [36.8479, 7.6756]}, "properties": {"source": "Piano Mattei portal", "layer": "mattei", "id": "progetto-programma-di-sostegno-alla-repubblica-federale-democratica-d-etiopia-per-lo-sviluppo-ambientale-e-la-g-c2dd01d8", "name": "Programme in support of the Federal Democratic Republic of Ethiopia for environmental development and the green economy", "name_it": "Programma di sostegno alla Repubblica Federale Democratica d\u2019Etiopia per lo sviluppo ambientale e la green economy", "description": "The Programme to support environmental development and the Green Economy provides for the remediation of the Lake Boye area and the regeneration of the city of Jimma, with a combination of grant resources (EUR 16 million) and conessional loans (EUR 26.5 million).\nLake Boye is an artificial basin located near Jimma, in the Oromia region. The intervention remediated 35 hectares of the lake, expanding its surface area and improving water quality, and regenerated 19 hectares of surrounding green areas with 3,000 new trees. New mobility and tourism infrastructure was built, attracting investment fo", "directives": ["Water", "Physical and digital infrastructure"], "sector": "water", "objective": "Urban regeneration", "country": "ET", "countries": null, "country_names": ["Ethiopia"], "stage": "Ongoing", "stage_it": "In corso", "dash_status": "under_construction", "amount_text": "EUR 42.5 million", "amount_eur": 42500000.0, "amount_currency": "EUR", "amount_shared": null, "implementer": "Ethiopian Ministry of Finance in coordination with the Ministry of Planning and Development /\nItalian Agency for Development Cooperation Addis Ababa (AICS) and Civil Society Organisations (CSOs)", "partnerships": null, "international_partners": "Global Gateway/Team Europe", "resources": "Ministry of Foreign Affairs and International Cooperation (MAECI)", "geo_precision": 1, "location_name": "Jimma, Lake Boye", "locations": null, "gallery": 0, "url": "https://www.governo.it/it/piano-mattei/progetti/progetto/progetto-programma-di-sostegno-alla-repubblica-federale-democratica-d-etiopia-per-lo-sviluppo-ambientale-e-la-g-c2dd01d8/", "url_en": "https://www.governo.it/en/piano-mattei/progetti/progetto/progetto-programme-in-support-of-the-federal-democratic-republic-of-ethiopia-for-environmental-development-and--7a5b668f/"}}, {"type": "Feature", "geometry": {"type": "Point", "coordinates": [38.2825, 14.1024]}, "properties": {"source": "Piano Mattei portal", "layer": "mattei", "id": "progetto-sostegno-settore-sanitario-nella-regione-settentrionale-del-tigray", "name": "Support for the health sector in the northern Tigray region", "name_it": "Sostegno settore sanitario nella regione settentrionale del Tigray", "description": "The health sector in the Tigray region is supported by a series of Italian Cooperation initiatives currently under way. These include:\nexpansion and strengthening of the Kidane Mehret hospital in Adwa.\nstrengthening of the Suhul hospital in Shire.\nstrengthening of the hospitals of Shire and Gondar.\nmulti-sectoral intervention to improve social and health conditions in the Shire area - Tigray.\nThe beneficiaries of these initiatives are the inhabitants of the Shire area (around 2 million) and the Adwa area (around 1 million).", "directives": ["Health"], "sector": "health", "objective": "Strengthening the health sector", "country": "ET", "countries": null, "country_names": ["Ethiopia"], "stage": "Ongoing", "stage_it": "In corso", "dash_status": "under_construction", "amount_text": "EUR 16.6 million", "amount_eur": 16600000.000000002, "amount_currency": "EUR", "amount_shared": null, "implementer": "United Nations Office for Project Services (UNOPS), Italian Agency for Development Cooperation Addis Ababa (AICS)", "partnerships": null, "international_partners": "Global Gateway/Team Europe", "resources": "Ministry of Foreign Affairs and International Cooperation (MAECI)", "geo_precision": 1, "location_name": "Shire", "locations": [[38.8912, 14.1671, "Adwa"], [37.4668, 12.6104, "Gondar"]], "gallery": 0, "url": "https://www.governo.it/it/piano-mattei/progetti/progetto/progetto-sostegno-settore-sanitario-nella-regione-settentrionale-del-tigray/", "url_en": "https://www.governo.it/en/piano-mattei/progetti/progetto/progetto-support-for-the-health-sector-in-the-northern-tigray-region/"}}, {"type": "Feature", "geometry": {"type": "Point", "coordinates": [38.7524, 9.0358]}, "properties": {"source": "Piano Mattei portal", "layer": "mattei", "id": "progetto-supporto-al-rafforzamento-dei-servizi-digitali-in-etiopia-attraverso-la-creazione-di-un-centro-d-incub-1763c944", "name": "Support for the strengthening of digital services in Ethiopia through the creation of an incubation centre for high-tech innovation enterprises", "name_it": "Supporto al rafforzamento dei servizi digitali in Etiopia attraverso la creazione di un centro d\u2019incubazione per imprese ad alta innovazione tecnologica", "description": "The initiative establishes a centre for digital innovation and the incubation of hi-tech start-ups in Ethiopia, with training spaces, advanced digital services and support for entrepreneurship. Specifically, the initiative \u2014 using development cooperation grant resources \u2014 intends to create a digital services and start-up incubation centre, comprising the \"FAB Lab\" training centre and a development hub for hi-tech-oriented talent, aligned with national initiatives and the Ethiopian employment strategy.\nThe centre will offer a digital space for the provision of services to citizens, as well as c", "directives": ["Physical and digital infrastructure"], "sector": "ict", "objective": "Digital transformation", "country": "ET", "countries": null, "country_names": ["Ethiopia"], "stage": "Ongoing", "stage_it": "In corso", "dash_status": "under_construction", "amount_text": "EUR 4.5 million", "amount_eur": 4500000.0, "amount_currency": "EUR", "amount_shared": null, "implementer": "Ethiopian Ministry of Innovation and Technology", "partnerships": null, "international_partners": null, "resources": "Ministry of Foreign Affairs and International Cooperation (MAECI)", "geo_precision": 1, "location_name": "Addis Ababa", "locations": null, "gallery": 0, "url": "https://www.governo.it/it/piano-mattei/progetti/progetto/progetto-supporto-al-rafforzamento-dei-servizi-digitali-in-etiopia-attraverso-la-creazione-di-un-centro-d-incub-1763c944/", "url_en": "https://www.governo.it/en/piano-mattei/progetti/progetto/progetto-support-for-the-strengthening-of-digital-services-in-ethiopia-through-the-creation-of-an-incubation-ce-df782e35/"}}, {"type": "Feature", "geometry": {"type": "Point", "coordinates": [39.55207, 8.65491]}, "properties": {"source": "Piano Mattei portal", "layer": "mattei", "id": "progetto-rafforzamento-del-sistema-sanitario-in-etiopia", "name": "Strengthening the health system in Ethiopia", "name_it": "Rafforzamento del sistema sanitario in Etiopia", "description": "Italy has granted a concessional loan of EUR 15 million to strengthen the Ethiopian health system, through a contribution to the multi-donor SDG Performance Fund, managed by the Ethiopian Ministry of Health.\nThe initiative follows previous Italian financing and supports the nation's health priorities, in particular maternal and reproductive health, nutrition, primary services and community-based health insurance. The intervention is consistent with the Italy\u2013Ethiopia cooperation plan 2026-2028.", "directives": ["Health", "Education/Training/Culture"], "sector": "health", "objective": "Strengthening the health sector", "country": "ET", "countries": null, "country_names": ["Ethiopia"], "stage": "Ongoing", "stage_it": "In corso", "dash_status": "under_construction", "amount_text": "EUR 15 million", "amount_eur": 15000000.0, "amount_currency": "EUR", "amount_shared": null, "implementer": "Ethiopian Ministry of Health", "partnerships": null, "international_partners": null, "resources": "Ministry of Foreign Affairs and International Cooperation (MAECI)", "geo_precision": 3, "location_name": null, "locations": null, "gallery": 0, "url": "https://www.governo.it/it/piano-mattei/progetti/progetto/progetto-rafforzamento-del-sistema-sanitario-in-etiopia/", "url_en": "https://www.governo.it/en/piano-mattei/progetti/progetto/progetto-strengthening-the-health-system-in-ethiopia/"}}, {"type": "Feature", "geometry": {"type": "Point", "coordinates": [37.65, 0.047]}, "properties": {"source": "Piano Mattei portal", "layer": "mattei", "id": "progetto-laboratorio-dei-talenti", "name": "Talent Laboratory (Laboratorio dei Talenti)", "name_it": "Laboratorio dei Talenti", "description": "The project aims to promote the social and labour inclusion of people with intellectual and relational disabilities in the community of Chaaria (Kenya), through the creation of an integrated carpentry and tailoring workshop. The initiative aims to strengthen the autonomy, dignity and social inclusion of people with intellectual and relational disabilities trained and introduced to work at the Cottolengo Mission Hospital in Chaaria, Meru County, offering them inclusive training pathways and sheltered employment opportunities.\nThe local context is characterised by high unemployment rates and a l", "directives": ["Education/Training/Culture"], "sector": "education", "objective": "Social and labour inclusion", "country": "KE", "countries": null, "country_names": ["Kenya"], "stage": "Ongoing", "stage_it": "In corso", "dash_status": "under_construction", "amount_text": "EUR 250,000 (EUR 200,000 from the Department for Policies in Favour of Persons with Disabilities and EUR 50,000 from AICS)", "amount_eur": 250000.0, "amount_currency": "EUR", "amount_shared": null, "implementer": "Italian Agency for Development Cooperation Kenya (AICS), Cottolengo Society of Kenya", "partnerships": "Meru County Department of Health", "international_partners": null, "resources": "Minister for Disabilities and Ministry of Foreign Affairs and International Cooperation (MAECI)", "geo_precision": 2, "location_name": "Meru County (Chaaria)", "locations": null, "gallery": 0, "url": "https://www.governo.it/it/piano-mattei/progetti/progetto/progetto-laboratorio-dei-talenti/", "url_en": "https://www.governo.it/en/piano-mattei/progetti/progetto/progetto-talent-laboratory-laboratorio-dei-talenti/"}}, {"type": "Feature", "geometry": {"type": "Point", "coordinates": [33.478, -19.1437]}, "properties": {"source": "Piano Mattei portal", "layer": "mattei", "id": "progetto-istituzione-di-un-polo-agroalimentare-nella-provincia-di-manica-centro-agroalimentare-di-manica-caam", "name": "Establishment of an agri-food hub in Manica province - Manica Agri-Food Centre (CAAM)", "name_it": "Istituzione di un polo agroalimentare nella provincia di Manica - Centro Agroalimentare di Manica (CAAM)", "description": "The initiative is aimed at strengthening the competitiveness and resilience of the nation's agri-food sector, through the construction of strategic infrastructure and the promotion of inclusive and sustainable industrialisation and innovation processes. The project is financed with a combination of grant and credit resources, for a total value of EUR 38 million, and focuses on the fruit and vegetable value chain in the central area of the nation, where Italian cooperation has long been engaged in rural development interventions.\nThe centrepiece of the initiative is the construction of the Mani", "directives": ["Education/Training/Culture", "Agriculture/Fisheries"], "sector": "education", "objective": "Strengthening the agri-food sector", "country": "MZ", "countries": null, "country_names": ["Mozambique"], "stage": "Ongoing", "stage_it": "In corso", "dash_status": "under_construction", "amount_text": "EUR 38 million", "amount_eur": 38000000.0, "amount_currency": "EUR", "amount_shared": null, "implementer": "Mozambican Ministry of Finance", "partnerships": null, "international_partners": "Global Gateway/Team Europe", "resources": "Ministry of Foreign Affairs and International Cooperation (MAECI)", "geo_precision": 2, "location_name": "Manica province", "locations": null, "gallery": 10, "url": "https://www.governo.it/it/piano-mattei/progetti/progetto/progetto-istituzione-di-un-polo-agroalimentare-nella-provincia-di-manica-centro-agroalimentare-di-manica-caam/", "url_en": "https://www.governo.it/en/piano-mattei/progetti/progetto/progetto-establishment-of-an-agri-food-hub-in-manica-province-manica-agri-food-centre-caam/"}}, {"type": "Feature", "geometry": {"type": "Point", "coordinates": [32.5675, -25.9662]}, "properties": {"source": "Piano Mattei portal", "layer": "mattei", "id": "progetto-progetti-di-ampliamento-struttura-ed-equipaggiamenti-istituto-don-bosco-di-maputo", "name": "Projects to expand the facilities and equipment of the Don Bosco Institute in Maputo", "name_it": "Progetti di ampliamento struttura ed equipaggiamenti Istituto Don Bosco di Maputo", "description": "The Polytechnic University of Milan, in partnership with the civil society organisation VIS \u2013 Volontariato Internazionale per lo Sviluppo, is carrying out an initiative aimed at expanding and improving the facilities of the Don Bosco Institute (ISDB) in Maputo, a centre of excellence already recognised in the country for vocational training and the training of trainers. It is estimated that more than 4,300 young students will benefit directly from the intervention.\nThe project \u2014 with a combination of credit resources (EUR 13 million) and grant resources (EUR 5 million) \u2014 acts on three compleme", "directives": ["Education/Training/Culture"], "sector": "education", "objective": "Strengthening technical-vocational and university education", "country": "MZ", "countries": null, "country_names": ["Mozambique"], "stage": "Ongoing", "stage_it": "In corso", "dash_status": "under_construction", "amount_text": "EUR 7.6 million", "amount_eur": 7600000.0, "amount_currency": "EUR", "amount_shared": null, "implementer": "Polytechnic University of Milan", "partnerships": "Don Bosco Institute Maputo, Civil Society Organisations (CSOs), Volontariato Internazionale per lo Sviluppo (VIS)", "international_partners": null, "resources": "Ministry of Foreign Affairs and International Cooperation (MAECI)", "geo_precision": 1, "location_name": "Maputo", "locations": null, "gallery": 0, "url": "https://www.governo.it/it/piano-mattei/progetti/progetto/progetto-progetti-di-ampliamento-struttura-ed-equipaggiamenti-istituto-don-bosco-di-maputo/", "url_en": "https://www.governo.it/en/piano-mattei/progetti/progetto/progetto-projects-to-expand-the-facilities-and-equipment-of-the-don-bosco-institute-in-maputo/"}}, {"type": "Feature", "geometry": {"type": "Point", "coordinates": [-13.6992, 15.2681]}, "properties": {"source": "Piano Mattei portal", "layer": "mattei", "id": "progetto-programma-integrato-di-sviluppo-delle-filiere-agroalimentari-pideca", "name": "Integrated Agri-Food Value Chain Development Programme (PIDECA)", "name_it": "Programma Integrato di Sviluppo delle Filiere Agroalimentari (PIDECA)", "description": "The project, implemented through the Senegalese Ministry of Agriculture, aims to accelerate the achievement of food sovereignty through the sustainable increase of agricultural production, the improvement of technical skills and support for the development of high-potential value chains based on rural production systems, in the regions of Matam, Louga, Kolda and S\u00e9dhiou.\nThe Italian contribution is combined with a delegated cooperation intervention financed by the European Union (EUR 8 million) and managed by AICS.\nThe identified beneficiaries include 20,000 agricultural producers organised in", "directives": ["Agriculture/Fisheries"], "sector": "agriculture", "objective": "Strengthening the agri-food sector", "country": "SN", "countries": null, "country_names": ["Senegal"], "stage": "Approved", "stage_it": "Approvato", "dash_status": "approved", "amount_text": "EUR 18 million", "amount_eur": 18000000.0, "amount_currency": "EUR", "amount_shared": null, "implementer": "Ministry of Agriculture, Food Sovereignty and Livestock (MASAE), Ministry of Economy, Planning and Cooperation (MEPC), Ministry of Finance and Budget (MFB)", "partnerships": null, "international_partners": "Global Gateway/Team Europe", "resources": "Ministry of Foreign Affairs and International Cooperation (MAECI)", "geo_precision": 2, "location_name": "Matam region", "locations": [[-15.6779, 15.3967, "Louga region"], [-14.4181, 13.1292, "Kolda region"], [-15.553, 12.9103, "S\u00e9dhiou region"]], "gallery": 0, "url": "https://www.governo.it/it/piano-mattei/progetti/progetto/progetto-programma-integrato-di-sviluppo-delle-filiere-agroalimentari-pideca/", "url_en": "https://www.governo.it/en/piano-mattei/progetti/progetto/progetto-integrated-agri-food-value-chain-development-programme-pideca/"}}, {"type": "Feature", "geometry": {"type": "Point", "coordinates": [39.2074, -6.1665]}, "properties": {"source": "Piano Mattei portal", "layer": "mattei", "id": "progetto-formazione-professionale-di-qualita-nel-settore-turistico-alberghiero-dell-arcipelago-di-zanzibar-fo-pr-alb", "name": "High-quality vocational training in the tourism and hotel sector of the Zanzibar Archipelago (FO.PR.ALB.)", "name_it": "Formazione professionale di qualit\u00e0 nel settore turistico-alberghiero dell'Arcipelago di Zanzibar (FO.PR.ALB.)", "description": "The project supports the sustainable and inclusive development of the tourism and hotel sector of the Zanzibar archipelago, with the objective of promoting full and decent employment aimed in particular at young people, women and vulnerable people.\nThe project acts on the strengthening of the quality of technical education in the sector, through the development of updated academic curricula, training activities dedicated to teachers and the upgrading of the equipment of vocational training centres. A central component of the initiative is the improvement of coordination between the training sy", "directives": ["Education/Training/Culture"], "sector": "education", "objective": "Strengthening the tourism sector", "country": "TZ", "countries": null, "country_names": ["Tanzania"], "stage": "Ongoing", "stage_it": "In corso", "dash_status": "under_construction", "amount_text": "EUR 4 million", "amount_eur": 4000000.0, "amount_currency": "EUR", "amount_shared": null, "implementer": "Italian civil society organisations in partnership with local civil society organisations selected through a call", "partnerships": null, "international_partners": null, "resources": "Ministry of Foreign Affairs and International Cooperation (MAECI)", "geo_precision": 2, "location_name": "Zanzibar", "locations": null, "gallery": 0, "url": "https://www.governo.it/it/piano-mattei/progetti/progetto/progetto-formazione-professionale-di-qualita-nel-settore-turistico-alberghiero-dell-arcipelago-di-zanzibar-fo-pr-alb/", "url_en": "https://www.governo.it/en/piano-mattei/progetti/progetto/progetto-high-quality-vocational-training-in-the-tourism-and-hotel-sector-of-the-zanzibar-archipelago-fo-pr-alb/"}}, {"type": "Feature", "geometry": {"type": "Point", "coordinates": [11.099, 36.946]}, "properties": {"source": "Piano Mattei portal", "layer": "mattei", "id": "progetto-polo-patrimonio-tunisia-formazione-conservazione-e-valorizzazione-nei-siti-archeologici-di-kerkpuane-p-d5b7db2d", "name": "Tunisia Heritage Hub - Training, conservation and enhancement at the archaeological sites of Kerkouane, Pupput and Neapolis", "name_it": "Polo Patrimonio Tunisia - Formazione, conservazione e valorizzazione nei siti archeologici di Kerkpuane, Pupput e Neapolis", "description": "Following the request of the Tunisian authorities, the Central Institute for Restoration has launched a training programme for the conservation, restoration and enhancement of three archaeological areas at Kerkouane, Neapolis and Pupput.\nIn parallel, the programme includes tourism promotion activities aimed at creating archaeological itineraries to trigger socio-economic development in the areas concerned. The beneficiaries of the initiative include the students and lecturers of the Higher Institute of Heritage Professions of Tunis (Institut Sup\u00e9rieur des M\u00e9tiers du Patrimoine de Tunis - ISMPT", "directives": ["Education/Training/Culture"], "sector": "education", "objective": "Enhancement of cultural heritage", "country": "TN", "countries": null, "country_names": ["Tunisia"], "stage": "Approved", "stage_it": "Approvato", "dash_status": "approved", "amount_text": "EUR 2.2 million", "amount_eur": 2200000.0, "amount_currency": "EUR", "amount_shared": null, "implementer": "Central Institute for Restoration (ICR), Institut National du Patrimoine in Tunis", "partnerships": "Central Institute for Archaeology \u2013 ICA / International Centre for the Study of the Preservation and Restoration of Cultural Property \u2013 ICCROM / Fondazione Santagata for the Economics of Culture / ARCS Arci Culture Solidali APS", "international_partners": null, "resources": "Ministry of Foreign Affairs and International Cooperation (MAECI)", "geo_precision": 1, "location_name": "Kerkouane", "locations": [[10.7356, 36.4513, "Neapolis (Nabeul)"], [10.5573, 36.4013, "Pupput (Hammamet)"]], "gallery": 0, "url": "https://www.governo.it/it/piano-mattei/progetti/progetto/progetto-polo-patrimonio-tunisia-formazione-conservazione-e-valorizzazione-nei-siti-archeologici-di-kerkpuane-p-d5b7db2d/", "url_en": "https://www.governo.it/en/piano-mattei/progetti/progetto/progetto-tunisia-heritage-hub-training-conservation-and-enhancement-at-the-archaeological-sites-of-kerkouane-pu-be6f52ba/"}}, {"type": "Feature", "geometry": {"type": "Point", "coordinates": [10.9134, 37.0213]}, "properties": {"source": "Piano Mattei portal", "layer": "mattei", "id": "progetto-bleue-tunisie-programma-di-sostegno-all-economia-blu-per-lo-sviluppo-sostenibile-delle-comunita-costiere", "name": "Bleue Tunisie \u2013 blue economy support programme for the sustainable development of coastal communities", "name_it": "Bleue Tunisie \u2013 programma di sostegno all\u2019economia blu per lo sviluppo sostenibile delle comunit\u00e0 costiere", "description": "The Bleue Tunisie programme aims to develop a sustainable and competitive blue economy in Tunisia, through the enhancement of coastal areas and the protection of marine heritage, while addressing structural weaknesses such as the inefficiency of port infrastructure and the absence of an adequate training system. With a total budget of EUR 33 million, divided between concessional loans and grant resources, the programme adopts an integrated, territorial approach organised into two main components.\nThe first component, Support for the modernisation of fishing ports and vocational training in the", "directives": ["Agriculture/Fisheries", "Education/Training/Culture"], "sector": "agriculture", "objective": "Development of the blue economy", "country": "TN", "countries": null, "country_names": ["Tunisia"], "stage": "Ongoing", "stage_it": "In corso", "dash_status": "under_construction", "amount_text": "EUR 33 million", "amount_eur": 33000000.0, "amount_currency": "EUR", "amount_shared": null, "implementer": "Ministry of Agriculture, Water Resources and Maritime Fisheries (MARHP), Directorate General for Fisheries and Aquaculture (DGPAq), CIHEAM", "partnerships": null, "international_partners": null, "resources": "Ministry of Foreign Affairs and International Cooperation (MAECI)", "geo_precision": 1, "location_name": "Sidi Daoud port", "locations": [[11.2554, 34.8171, "El Kraten"], [10.4984, 34.5218, "Mahres"], [10.0689, 34.3004, "Skhira"]], "gallery": 12, "url": "https://www.governo.it/it/piano-mattei/progetti/progetto/progetto-bleue-tunisie-programma-di-sostegno-all-economia-blu-per-lo-sviluppo-sostenibile-delle-comunita-costiere/", "url_en": "https://www.governo.it/en/piano-mattei/progetti/progetto/progetto-bleue-tunisie-blue-economy-support-programme-for-the-sustainable-development-of-coastal-communities/"}}, {"type": "Feature", "geometry": {"type": "Point", "coordinates": [6.4668, 35.4836]}, "properties": {"source": "Piano Mattei portal", "layer": "mattei", "id": "progetto-gemellaggio-tra-il-parco-archeologico-di-pompei-e-la-citta-antica-di-timgad-in-algeria", "name": "Twinning between the Archaeological Park of Pompeii and the ancient city of Timgad in Algeria", "name_it": "Gemellaggio tra il Parco archeologico di Pompei e la Citt\u00e0 antica di Timgad in Algeria", "description": "The twinning between the Archaeological Park of Pompeii and the ancient city of Timgad provides for joint research, training and museum enhancement activities, including through the organisation of exhibitions and academic conferences.\nTraining programmes led by the Central Institute for Restoration are also being designed to support the enhancement of Algeria's important archaeological heritage.", "directives": ["Education/Training/Culture"], "sector": "education", "objective": "Enhancement of cultural heritage and collaboration in the artistic and tourism fields", "country": "DZ", "countries": null, "country_names": ["Algeria"], "stage": "Formulated", "stage_it": "Formulato", "dash_status": "announced", "amount_text": null, "amount_eur": null, "amount_currency": null, "amount_shared": null, "implementer": "Archaeological Park of Pompeii", "partnerships": null, "international_partners": null, "resources": "Ministry of Culture", "geo_precision": 1, "location_name": "Timgad", "locations": null, "gallery": 0, "url": "https://www.governo.it/it/piano-mattei/progetti/progetto/progetto-gemellaggio-tra-il-parco-archeologico-di-pompei-e-la-citta-antica-di-timgad-in-algeria/", "url_en": "https://www.governo.it/en/piano-mattei/progetti/progetto/progetto-twinning-between-the-archaeological-park-of-pompeii-and-the-ancient-city-of-timgad-in-algeria/"}}, {"type": "Feature", "geometry": {"type": "Point", "coordinates": [29.84349, 26.50729]}, "properties": {"source": "Piano Mattei portal", "layer": "mattei", "id": "progetto-valorizzazione-del-patrimonio-culturale-egiziano", "name": "Enhancement of Egyptian cultural heritage", "name_it": "Valorizzazione del patrimonio culturale egiziano", "description": "Together with the Egyptian Ministry of Tourism and Antiquities, the Ministry of Culture has launched a collaboration plan for the enhancement of Egyptian cultural heritage in Italy and worldwide, including for tourism promotion purposes.\nThe first project was the exhibition \"Treasures of the Pharaohs\" (Scuderie del Quirinale, 24 October 2025 - 14 June 2026), an exhibition funded by the Italian Ministry of Culture, which presented 130 masterpieces of Egyptian art from Egypt's most important museums, including the Egyptian Museum in Cairo and the Luxor Museum. The exhibition, the largest tempora", "directives": ["Education/Training/Culture"], "sector": "education", "objective": "Enhancement of cultural heritage and collaboration in the artistic and tourism fields", "country": "EG", "countries": null, "country_names": ["Egypt"], "stage": "Ongoing", "stage_it": "In corso", "dash_status": "under_construction", "amount_text": "EUR 4.7 million", "amount_eur": 4700000.0, "amount_currency": "EUR", "amount_shared": null, "implementer": "Arte Lavoro e Servizi (Ales)", "partnerships": null, "international_partners": null, "resources": "Ministry of Culture", "geo_precision": 3, "location_name": null, "locations": null, "gallery": 0, "url": "https://www.governo.it/it/piano-mattei/progetti/progetto/progetto-valorizzazione-del-patrimonio-culturale-egiziano/", "url_en": "https://www.governo.it/en/piano-mattei/progetti/progetto/progetto-enhancement-of-egyptian-cultural-heritage/"}}, {"type": "Feature", "geometry": {"type": "Point", "coordinates": [10.7128, 35.2966]}, "properties": {"source": "Piano Mattei portal", "layer": "mattei", "id": "progetto-gemellaggio-tra-il-parco-archeologico-del-colosseo-e-l-anfiteatro-di-el-jem-e-valorizzazione-del-patri-3a2f9a1e", "name": "Twinning between the Colosseum Archaeological Park and the Amphitheatre of El Jem, and enhancement of Tunisia's archaeological heritage", "name_it": "Gemellaggio tra il Parco archeologico del Colosseo e l'Anfiteatro di El-Jem e Valorizzazione del patrimonio archeologico tunisino", "description": "In 2019, the Colosseum Archaeological Park began a collaboration with the Tunisian National Heritage Institute in order to launch joint programmes for the enhancement of Tunisia's archaeological heritage. This path was then consolidated in April 2024, in implementation of the shared will of the Tunisian President, Ka\u00efs Sa\u00efed, and the Italian Prime Minister, Giorgia Meloni, to strengthen the cultural dimension of the bilateral partnership within the framework of the Mattei Plan, with the aim of enhancing shared Mediterranean roots and Tunisian heritage, also as a strategic lever for the nation'", "directives": ["Education/Training/Culture"], "sector": "education", "objective": "Enhancement of cultural heritage and collaboration in the artistic and tourism fields", "country": "TN", "countries": null, "country_names": ["Tunisia"], "stage": "Ongoing", "stage_it": "In corso", "dash_status": "under_construction", "amount_text": "EUR 250,000", "amount_eur": 250000.0, "amount_currency": "EUR", "amount_shared": null, "implementer": "Colosseum Archaeological Park,\nAmphitheatre of El Jem", "partnerships": null, "international_partners": null, "resources": "Ministry of Culture", "geo_precision": 1, "location_name": "El Jem", "locations": null, "gallery": 3, "url": "https://www.governo.it/it/piano-mattei/progetti/progetto/progetto-gemellaggio-tra-il-parco-archeologico-del-colosseo-e-l-anfiteatro-di-el-jem-e-valorizzazione-del-patri-3a2f9a1e/", "url_en": "https://www.governo.it/en/piano-mattei/progetti/progetto/progetto-twinning-between-the-colosseum-archaeological-park-and-the-amphitheatre-of-el-jem-and-enhancement-of-t-2adfdb50/"}}, {"type": "Feature", "geometry": {"type": "Point", "coordinates": [2.59841, 28.18578]}, "properties": {"source": "Piano Mattei portal", "layer": "mattei", "id": "progetto-memorandum-d-intesa-in-materia-di-istruzione-tecnico-e-professionale", "name": "Memorandum of understanding on technical and vocational education", "name_it": "Memorandum d'intesa in materia di istruzione tecnico e professionale", "description": "The Ministry of Education and Merit concluded two Memoranda of Understanding with Algeria on education on 2 December 2024.\nThe first Memorandum, concluded with the Algerian Ministry of Education, has the dual purpose of improving the quality of Italian language teaching in the Algerian school system and strengthening cooperation in the field of technological education. The collaboration includes the \"Learning Italian in Algeria\" project, which comprises specific methodological and teaching training courses for teachers of Italian in Algerian schools, aimed at 20 teachers selected by the Algeri", "directives": ["Education/Training/Culture"], "sector": "education", "objective": "Cooperation in technical education and promotion of the quality of Italian language teaching", "country": "DZ", "countries": null, "country_names": ["Algeria"], "stage": "Ongoing", "stage_it": "In corso", "dash_status": "under_construction", "amount_text": "5 million for the internationalisation of ITS institutes (Algeria, Egypt, Tunisia, Ethiopia) and EUR 85,000 for the promotion of Italian language teaching", "amount_eur": 85000.0, "amount_currency": "EUR", "amount_shared": true, "implementer": "Ministry of National Education of the People's Democratic Republic of Algeria, Italian ITS Academies and University for Foreigners of Perugia", "partnerships": null, "international_partners": null, "resources": "Other resources", "geo_precision": 3, "location_name": null, "locations": null, "gallery": 0, "url": "https://www.governo.it/it/piano-mattei/progetti/progetto/progetto-memorandum-d-intesa-in-materia-di-istruzione-tecnico-e-professionale/", "url_en": "https://www.governo.it/en/piano-mattei/progetti/progetto/progetto-memorandum-of-understanding-on-technical-and-vocational-education/"}}, {"type": "Feature", "geometry": {"type": "Point", "coordinates": [29.84349, 26.50729]}, "properties": {"source": "Piano Mattei portal", "layer": "mattei", "id": "progetto-memorandum-d-intesa-in-materia-di-istruzione-e-istruzione-tecnico-professionale", "name": "Memorandum of understanding on education and technical and vocational education", "name_it": "Memorandum d\u2019intesa in materia di istruzione e istruzione tecnico professionale", "description": "The Memorandum of Understanding signed in March 2024 by the Ministry of Education and Merit with the Ministry of Education and Technical Education of the Arab Republic of Egypt aims to strengthen bilateral cooperation in technical and vocational education and to improve the quality of Italian language teaching in the Egyptian school system. The Memorandum was supplemented by the Protocol of Understanding signed at the Mediterranean TechSkills Forum \u2014 an international Italian-Egyptian initiative in the field of technical and vocational education held in Egypt in June 2026 \u2014 together with a decl", "directives": ["Education/Training/Culture"], "sector": "education", "objective": "Cooperation in technical education and promotion of the quality of Italian language teaching", "country": "EG", "countries": null, "country_names": ["Egypt"], "stage": "Ongoing", "stage_it": "In corso", "dash_status": "under_construction", "amount_text": "5 million for the internationalisation of ITS institutes (Algeria, Egypt, Tunisia, Ethiopia) and EUR 100,000 for the promotion of the Italian language", "amount_eur": 100000.0, "amount_currency": "EUR", "amount_shared": true, "implementer": "Ministry of Education and Technical Education of the Arab Republic of Egypt, Italian ITS Academies and University for Foreigners of Siena", "partnerships": null, "international_partners": null, "resources": "Other resources", "geo_precision": 3, "location_name": null, "locations": null, "gallery": 0, "url": "https://www.governo.it/it/piano-mattei/progetti/progetto/progetto-memorandum-d-intesa-in-materia-di-istruzione-e-istruzione-tecnico-professionale/", "url_en": "https://www.governo.it/en/piano-mattei/progetti/progetto/progetto-memorandum-of-understanding-on-education-and-technical-and-vocational-education/"}}, {"type": "Feature", "geometry": {"type": "Point", "coordinates": [39.55207, 8.65491]}, "properties": {"source": "Piano Mattei portal", "layer": "mattei", "id": "progetto-memorandum-d-intesa-in-materia-di-istruzione-tecnica", "name": "Memorandum of understanding on technical education", "name_it": "Memorandum d\u2019intesa in materia di istruzione tecnica", "description": "The Ministry of Education and Merit has signed a Memorandum of Understanding with the Ethiopian Ministry of Education for the strengthening of cooperation in the field of technical education, with the aim of improving students' knowledge and skills in order to support employment, strengthen entrepreneurship and reduce the mismatch between the skills acquired by students and the needs of the labour market.\nWithin the framework of the Memorandum, Italy and Ethiopia have identified areas of mutual interest and developed a programme of activities centred on partnerships between technical institute", "directives": ["Education/Training/Culture"], "sector": "education", "objective": "Cooperation in technical education", "country": "ET", "countries": null, "country_names": ["Ethiopia"], "stage": "Ongoing", "stage_it": "In corso", "dash_status": "under_construction", "amount_text": "5 million for the internationalisation of ITS institutes (Algeria, Egypt, Tunisia, Ethiopia)", "amount_eur": null, "amount_currency": "EUR", "amount_shared": true, "implementer": "Ministry of Education of the Federal Democratic Republic of Ethiopia, Italian ITS Academies", "partnerships": null, "international_partners": null, "resources": "Other resources", "geo_precision": 3, "location_name": null, "locations": null, "gallery": 0, "url": "https://www.governo.it/it/piano-mattei/progetti/progetto/progetto-memorandum-d-intesa-in-materia-di-istruzione-tecnica/", "url_en": "https://www.governo.it/en/piano-mattei/progetti/progetto/progetto-memorandum-of-understanding-on-technical-education/"}}, {"type": "Feature", "geometry": {"type": "Point", "coordinates": [9.53417, 34.1729]}, "properties": {"source": "Piano Mattei portal", "layer": "mattei", "id": "progetto-memorandum-d-intesa-in-materia-di-istruzione-e-istruzione-tecnica", "name": "Memorandum of understanding on education and technical education", "name_it": "Memorandum d\u2019intesa in materia di istruzione e istruzione tecnica", "description": "The Memorandum of Understanding signed in March 2024 by the Ministry of Education and Merit with the Ministry of Education of the Republic of Tunisia aims to strengthen bilateral cooperation in technical and vocational education and to improve the quality of Italian language teaching in the Tunisian school system.\nOne of the primary objectives of the agreements is the development of activity programmes centred on partnerships between the technical and vocational schools of the Tunisian education system and the ITS Academies, with the funding of training projects for the internationalisation of", "directives": ["Education/Training/Culture"], "sector": "education", "objective": "Cooperation in technical education and promotion of the quality of Italian language teaching", "country": "TN", "countries": null, "country_names": ["Tunisia"], "stage": "Ongoing", "stage_it": "In corso", "dash_status": "under_construction", "amount_text": "5 million for the internationalisation of ITS institutes (Algeria, Egypt, Tunisia, Ethiopia) and 100,000 for the promotion of the Italian language", "amount_eur": 100000.0, "amount_currency": "EUR", "amount_shared": true, "implementer": "Ministry of Education of the Republic of Tunisia, Italian ITS Academies and University for Foreigners of Siena", "partnerships": null, "international_partners": null, "resources": "Other resources", "geo_precision": 3, "location_name": null, "locations": null, "gallery": 0, "url": "https://www.governo.it/it/piano-mattei/progetti/progetto/progetto-memorandum-d-intesa-in-materia-di-istruzione-e-istruzione-tecnica/", "url_en": "https://www.governo.it/en/piano-mattei/progetti/progetto/progetto-memorandum-of-understanding-on-education-and-technical-education/"}}, {"type": "Feature", "geometry": {"type": "Point", "coordinates": [2.59841, 28.18578]}, "properties": {"source": "Piano Mattei portal", "layer": "mattei", "id": "progetto-memorandum-of-understanding-e-bandi-congiunti-di-ricerca-italia-algeria", "name": "Memorandum of understanding and joint Italy-Algeria research calls", "name_it": "Memorandum of understanding e bandi congiunti di ricerca Italia-Algeria", "description": "In May 2024, on the occasion of a visit to Algiers together with the Prime Minister, the Minister of University and Research Bernini signed a Memorandum of Understanding on university education, scientific research, technological development and innovation between Italy and Algeria. In implementation of this Memorandum, the \"Call for Joint Actions and Programmes in the framework of the MoU on cooperation in the fields of higher education and scientific research between Italy and Algeria\" was published in September 2024, providing for a financial commitment of EUR 750,000 for each of the two na", "directives": ["Education/Training/Culture"], "sector": "education", "objective": "Promotion of joint research projects", "country": "DZ", "countries": null, "country_names": ["Algeria"], "stage": "Ongoing", "stage_it": "In corso", "dash_status": "under_construction", "amount_text": "EUR 1 million", "amount_eur": 1000000.0, "amount_currency": "EUR", "amount_shared": null, "implementer": null, "partnerships": "Ministry of Higher Education and Scientific Research of the People's Democratic Republic of Algeria", "international_partners": null, "resources": "Other resources", "geo_precision": 3, "location_name": null, "locations": null, "gallery": 0, "url": "https://www.governo.it/it/piano-mattei/progetti/progetto/progetto-memorandum-of-understanding-e-bandi-congiunti-di-ricerca-italia-algeria/", "url_en": "https://www.governo.it/en/piano-mattei/progetti/progetto/progetto-memorandum-of-understanding-and-joint-italy-algeria-research-calls/"}}, {"type": "Feature", "geometry": {"type": "Point", "coordinates": [9.53417, 34.1729]}, "properties": {"source": "Piano Mattei portal", "layer": "mattei", "id": "progetto-memorandum-of-understanding-e-bandi-congiunti-di-ricerca-italia-tunisia", "name": "Memorandum of understanding and joint Italy-Tunisia research calls", "name_it": "Memorandum of understanding e bandi congiunti di ricerca Italia-Tunisia", "description": "The Memorandum, signed by the Minister of University and Research Bernini on the occasion of the Prime Minister's visit to Tunis in April 2024, aims to strengthen collaboration between Italy and Tunisia in the fields of university education, scientific research, technological development and innovation.\nIn the frame of this Memorandum, a call for the co-funding of joint projects with Tunisia was published, entitled \"Call for Joint Actions and Programmes in the framework of the MoU on cooperation in the fields of higher education and scientific research between Italy and Tunisia\", which provide", "directives": ["Education/Training/Culture"], "sector": "education", "objective": "Promotion of joint research projects", "country": "TN", "countries": null, "country_names": ["Tunisia"], "stage": "Ongoing", "stage_it": "In corso", "dash_status": "under_construction", "amount_text": "EUR 500,000", "amount_eur": 500000.0, "amount_currency": "EUR", "amount_shared": null, "implementer": null, "partnerships": "Ministry of Higher Education and Scientific Research of the Republic of Tunisia", "international_partners": null, "resources": "Other resources", "geo_precision": 3, "location_name": null, "locations": null, "gallery": 0, "url": "https://www.governo.it/it/piano-mattei/progetti/progetto/progetto-memorandum-of-understanding-e-bandi-congiunti-di-ricerca-italia-tunisia/", "url_en": "https://www.governo.it/en/piano-mattei/progetti/progetto/progetto-memorandum-of-understanding-and-joint-italy-tunisia-research-calls/"}}, {"type": "Feature", "geometry": {"type": "Point", "coordinates": [37.79072, 0.59662]}, "properties": {"source": "Piano Mattei portal", "layer": "mattei", "id": "progetto-riduzione-dei-disturbi-di-salute-mentale-in-africa-attraverso-la-formazione-di-personale-sanitario-spe-fb1a399c", "name": "Reduction of mental health disorders in Africa through the training of health personnel specialised in mental health", "name_it": "Riduzione dei disturbi di salute mentale in Africa attraverso la formazione di personale sanitario specializzato nell'ambito della salute mentale", "description": "This is an initiative promoted by Amref International University (AMIU) and the World Health Organization Collaborating Centre for Research in Mental Health, Department of Neurosciences, Biomedicine and Movement Sciences of the University of Verona, to address the shortage of mental health personnel in Kenya and across Africa.\nAMIU and the University of Verona have proposed two main strategies:\n(1) co-development of curricula for a Master of Mental Health Promotion and a Bachelor of Science in Psychological Well-Being;\n(2) promotion of lecturer and student exchange in order to broaden training", "directives": ["Education/Training/Culture"], "sector": "education", "objective": "Cooperation in the field of research and training", "country": "KE", "countries": null, "country_names": ["Kenya"], "stage": "Ongoing", "stage_it": "In corso", "dash_status": "under_construction", "amount_text": "EUR 124,000", "amount_eur": 124000.0, "amount_currency": "EUR", "amount_shared": null, "implementer": null, "partnerships": null, "international_partners": null, "resources": "Other resources", "geo_precision": 3, "location_name": null, "locations": null, "gallery": 0, "url": "https://www.governo.it/it/piano-mattei/progetti/progetto/progetto-riduzione-dei-disturbi-di-salute-mentale-in-africa-attraverso-la-formazione-di-personale-sanitario-spe-fb1a399c/", "url_en": "https://www.governo.it/en/piano-mattei/progetti/progetto/progetto-reduction-of-mental-health-disorders-in-africa-through-the-training-of-health-personnel-specialised-in-b86b6cbf/"}}, {"type": "Feature", "geometry": {"type": "Point", "coordinates": [15.27752, 6.80691]}, "properties": {"source": "Piano Mattei portal", "layer": "mattei", "id": "progetto-supporto-alle-attivita-dei-cluster-research-excellence-arua-the-guild-nei-partenariati-che-coinvolgono-d7d7c6e8", "name": "Support for the activities of the ARUA-The Guild Clusters of Research Excellence in partnerships involving African institutions (a collaborative approach to support ARUA-The Guild Cluster of Research Excellence and develop a sustainable Europe-Africa educational and capacity-building long-term strategy \u2013 CoRE-for-Africa)", "name_it": "Supporto alle attivit\u00e0 dei cluster research excellence ARUA-The Guild nei partenariati che coinvolgono le Istituzioni Africane (a collaborative approach to support ARUA-The Guild Cluster of Research Excellence and develop a sustainable Europe-Africa educational and capacitybuilding long term strategy \u2013 CoRE-for-Africa)", "description": "The proposal falls within the framework of the development and consolidation of the activities of the Clusters of Research Excellence (CoRE) established in the context of the collaboration between The African Research Universities Alliance (ARUA) and The Guild of European Research-Intensive Universities (The Guild), a network bringing together leading European research-intensive universities of which the University of Bologna is a member.\nThe CoREs have been established across various thematic areas and aim to promote collaboration between African and European academic institutions on key them", "directives": ["Education/Training/Culture"], "sector": "education", "objective": "Cooperation in the field of research and training", "country": null, "countries": null, "country_names": null, "stage": "Completed", "stage_it": "Concluso", "dash_status": "operating", "amount_text": "EUR 122,000", "amount_eur": 122000.0, "amount_currency": "EUR", "amount_shared": null, "implementer": null, "partnerships": null, "international_partners": null, "resources": "Other resources", "geo_precision": 4, "location_name": null, "locations": null, "gallery": 0, "url": "https://www.governo.it/it/piano-mattei/progetti/progetto/progetto-supporto-alle-attivita-dei-cluster-research-excellence-arua-the-guild-nei-partenariati-che-coinvolgono-d7d7c6e8/", "url_en": "https://www.governo.it/en/piano-mattei/progetti/progetto/progetto-support-for-the-activities-of-the-arua-the-guild-clusters-of-research-excellence-in-partnerships-invol-581786e5/"}}, {"type": "Feature", "geometry": {"type": "Point", "coordinates": [38.095, 4.8926]}, "properties": {"source": "Piano Mattei portal", "layer": "mattei", "id": "progetto-ethiopia-borana-resilient-water-development-for-improved-livelihood-programme-borana-rwdp-ii", "name": "Ethiopia Borana Resilient Water Development for Improved Livelihood Programme (Borana RWDP II)", "name_it": "Ethiopia Borana Resilient Water Development for Improved Livelihood Programme (Borana RWDP II)", "description": "The Borana Resilient Water Development for Improved Livelihoods Programme II (BRWDLP II) is a large-scale infrastructure programme for access to water in the Borana zone, in the Oromia region of south-western Ethiopia, one of the areas hardest hit by recurring drought in the Horn of Africa.\nThe programme's architecture is that of multi-layered financing. Phase II was approved by the Board of the African Development Bank on 28 February 2024, with a core grant allocation of USD 35 million from the African Development Fund (ADF), supplemented by a USD 5 million contribution from the Ethiopian fed", "directives": ["Water"], "sector": "water", "objective": "Water resource management and access to water", "country": "ET", "countries": null, "country_names": ["Ethiopia"], "stage": "Ongoing", "stage_it": "In corso", "dash_status": "under_construction", "amount_text": "EUR 6 million", "amount_eur": 6000000.0, "amount_currency": "EUR", "amount_shared": null, "implementer": null, "partnerships": null, "international_partners": "African Development Bank", "resources": "Rome Process Financing Facility", "geo_precision": 2, "location_name": "Borana zone", "locations": null, "gallery": 0, "url": "https://www.governo.it/it/piano-mattei/progetti/progetto/progetto-ethiopia-borana-resilient-water-development-for-improved-livelihood-programme-borana-rwdp-ii/", "url_en": "https://www.governo.it/en/piano-mattei/progetti/progetto/progetto-ethiopia-borana-resilient-water-development-for-improved-livelihood-programme-borana-rwdp-ii/"}}, {"type": "Feature", "geometry": {"type": "Point", "coordinates": [19.9123, -11.779]}, "properties": {"source": "Piano Mattei portal", "layer": "mattei", "id": "progetto-eastern-region-agricultural-value-chain-development-project-eravcdp", "name": "Eastern Region Agricultural Value Chain Development Project (ERAVCDP)", "name_it": "Eastern Region Agricultural Value Chain Development Project (ERAVCDP)", "description": "The Eastern Region Agricultural Value Chain Development Project (ERAVCDP) is an agricultural development and food security project approved by the African Development Bank in November 2025 and represents the first partnership between the Bank and the Italian Government within the framework of the Lobito Corridor.\nThe geographical context is that of Angola's six eastern provinces \u2014 Lunda Norte, Lunda Sul, Moxico, Moxico Leste, Cuando and Cubango \u2014 an area of great agricultural potential but also of structural fragility, characterised by limited market connectivity, poor processing infrastructur", "directives": ["Agriculture/Fisheries"], "sector": "agriculture", "objective": "Agricultural development and food security", "country": "AO", "countries": null, "country_names": ["Angola"], "stage": "Ongoing", "stage_it": "In corso", "dash_status": "under_construction", "amount_text": "EUR 17 million", "amount_eur": 17000000.0, "amount_currency": "EUR", "amount_shared": null, "implementer": null, "partnerships": null, "international_partners": "African Development Bank", "resources": "Rome Process Financing Facility", "geo_precision": 2, "location_name": "Six eastern provinces (at Luena, Moxico)", "locations": [[20.8338, -7.3811, "Dundo, Lunda Norte"], [20.3981, -9.6589, "Saurimo, Lunda Sul"], [17.682, -14.6611, "Menongue, Cuando Cubango"]], "gallery": 0, "url": "https://www.governo.it/it/piano-mattei/progetti/progetto/progetto-eastern-region-agricultural-value-chain-development-project-eravcdp/", "url_en": "https://www.governo.it/en/piano-mattei/progetti/progetto/progetto-eastern-region-agricultural-value-chain-development-project-eravcdp/"}}, {"type": "Feature", "geometry": {"type": "Point", "coordinates": [37.79072, 0.59662]}, "properties": {"source": "Piano Mattei portal", "layer": "mattei", "id": "progetto-kenya-e-cooking-market-development-project-kemdp", "name": "Kenya E-Cooking Market Development Project (KEMDP)", "name_it": "Kenya E-Cooking Market Development Project (KEMDP)", "description": "The Kenya E-Cooking Market Development Project (KEMDP) is an initiative financed by the African Development Bank (AfDB) and co-financed through the Rome Process/Mattei Plan Financing Facility (RPFF) with the aim of promoting clean cooking solutions in Kenya. Despite the considerable potential for electric cooking and the interest of the Government and the private sector, national adoption of electricity as the primary cooking fuel remains at around 0.2%. The main obstacles relate to appliances: supply chain limitations, price fluctuations, high upfront costs and a lack of appliances adapted to", "directives": ["Energy"], "sector": "energy", "objective": "Clean energy solutions / clean cooking", "country": "KE", "countries": null, "country_names": ["Kenya"], "stage": "Ongoing", "stage_it": "In corso", "dash_status": "under_construction", "amount_text": "EUR 3.5 million", "amount_eur": 3500000.0, "amount_currency": "EUR", "amount_shared": null, "implementer": null, "partnerships": null, "international_partners": "African Development Bank", "resources": "Rome Process Financing Facility", "geo_precision": 3, "location_name": null, "locations": null, "gallery": 0, "url": "https://www.governo.it/it/piano-mattei/progetti/progetto/progetto-kenya-e-cooking-market-development-project-kemdp/", "url_en": "https://www.governo.it/en/piano-mattei/progetti/progetto/progetto-kenya-e-cooking-market-development-project-kemdp/"}}, {"type": "Feature", "geometry": {"type": "Point", "coordinates": [13.5464, -12.3507]}, "properties": {"source": "Piano Mattei portal", "layer": "mattei", "id": "progetto-lobito-economic-corridor-development-project", "name": "Lobito Economic Corridor Development Project", "name_it": "Lobito Economic Corridor Development Project", "description": "The Lobito Economic Corridor Development Project is a technical assistance operation financed through the Rome Process/Mattei Plan Financing Facility (RPFF), forming part of the broader Lobito Corridor project \u2014 the transcontinental infrastructure axis that constitutes one of the strategic initiatives of the Mattei Plan.\nThe Lobito Corridor is a multimodal rail and road route connecting the Atlantic port of Lobito, in Angola, to the mining regions of the Democratic Republic of the Congo and Zambia's Copperbelt. In terms of infrastructure, the project involves the construction of 550 km of new ", "directives": ["Physical and digital infrastructure"], "sector": "transport", "objective": "Infrastructure development of the Lobito Corridor", "country": "AO", "countries": null, "country_names": ["Angola"], "stage": "Ongoing", "stage_it": "In corso", "dash_status": "under_construction", "amount_text": "EUR 600,000", "amount_eur": 600000.0, "amount_currency": "EUR", "amount_shared": null, "implementer": null, "partnerships": null, "international_partners": "African Development Bank", "resources": "Rome Process Financing Facility", "geo_precision": 1, "location_name": "Lobito", "locations": null, "gallery": 0, "url": "https://www.governo.it/it/piano-mattei/progetti/progetto/progetto-lobito-economic-corridor-development-project/", "url_en": "https://www.governo.it/en/piano-mattei/progetti/progetto/progetto-lobito-economic-corridor-development-project/"}}, {"type": "Feature", "geometry": {"type": "Point", "coordinates": [-10.32596, 20.20987]}, "properties": {"source": "Piano Mattei portal", "layer": "mattei", "id": "progetto-promotion-of-green-solutions-and-strengthening-resilience-of-rural-communities-prorev", "name": "Promotion of Green Solutions and Strengthening Resilience of Rural Communities (PROREV)", "name_it": "Promotion of Green Solutions and Strengthening Resilience of Rural Communities (PROREV)", "description": "The Promotion of Green Solutions and Strengthening Resilience of Rural Communities (PROREV) project aims to increase energy access and the resilience of rural and pastoral communities in Mauritania through the development of renewable energy mini-grids, the promotion of sustainable economic activities and institutional strengthening. It is financed under the Rome Process/Mattei Plan Financing Facility (RPFF), with the African Development Bank (AfDB) as implementing entity.\nPROREV operates along three complementary axes. The first is energy: the development of 200 renewable mini-grids to bring ", "directives": ["Energy"], "sector": "energy", "objective": "Access to energy and economic opportunities", "country": "MR", "countries": null, "country_names": ["Mauritania"], "stage": "Ongoing", "stage_it": "In corso", "dash_status": "under_construction", "amount_text": "EUR 1.3 million", "amount_eur": 1300000.0, "amount_currency": "EUR", "amount_shared": null, "implementer": null, "partnerships": null, "international_partners": "African Development Bank", "resources": "Rome Process Financing Facility", "geo_precision": 3, "location_name": null, "locations": null, "gallery": 0, "url": "https://www.governo.it/it/piano-mattei/progetti/progetto/progetto-promotion-of-green-solutions-and-strengthening-resilience-of-rural-communities-prorev/", "url_en": "https://www.governo.it/en/piano-mattei/progetti/progetto/progetto-promotion-of-green-solutions-and-strengthening-resilience-of-rural-communities-prorev/"}}, {"type": "Feature", "geometry": {"type": "Point", "coordinates": [10.1858, 36.8002]}, "properties": {"source": "Piano Mattei portal", "layer": "mattei", "id": "progetto-terna-innovation-zone", "name": "Terna Innovation Zone", "name_it": "Terna Innovation Zone", "description": "Terna Innovation Zone Tunisia is a strategic corporate social responsibility project launched by Terna with the objective of supporting and overseeing the development of the local Tunisian ecosystem, contributing to the dissemination of innovative solutions and the strengthening of skills. The initiative fits within the context of Terna's presence in Tunisia, as part of the ELMED electricity interconnection project.\nThe project is organised into the following operational strands:\nEnergy Industry Support, to foster the exchange of know-how between actors operating in the energy industry (Terna ", "directives": ["Education/Training/Culture", "Energy"], "sector": "education", "objective": "Promotion of the innovation ecosystem and new talent", "country": "TN", "countries": null, "country_names": ["Tunisia"], "stage": "Ongoing", "stage_it": "In corso", "dash_status": "under_construction", "amount_text": null, "amount_eur": null, "amount_currency": null, "amount_shared": null, "implementer": "Terna S.p.A.", "partnerships": "Elis, Mind the Bridge, Microsoft, Soci\u00e9t\u00e9 Tunisienne de l'\u00c9lectricit\u00e9 et du Gaz (STEG), National Engineering School of Tunis (ENIT), National Engineering School of Monastir (ENIM), Novation City Technology Park, Borj C\u00e9dria Technology Park", "international_partners": "Global Gateway/Team Europe", "resources": "Terna S.p.A. resources", "geo_precision": 1, "location_name": "Tunis", "locations": null, "gallery": 4, "url": "https://www.governo.it/it/piano-mattei/progetti/progetto/progetto-terna-innovation-zone/", "url_en": "https://www.governo.it/en/piano-mattei/progetti/progetto/progetto-terna-innovation-zone/"}}, {"type": "Feature", "geometry": {"type": "Point", "coordinates": [10.9939, 36.7807]}, "properties": {"source": "Piano Mattei portal", "layer": "mattei", "id": "progetto-elmed", "name": "ELMED", "name_it": "ELMED", "description": "ELMED is the first high-voltage direct current (HVDC) link between Europe and North Africa, a strategic infrastructure developed jointly by Terna and the Soci\u00e9t\u00e9 Tunisienne de l'\u00c9lectricit\u00e9 et du Gaz (STEG), the national electricity transmission system operators of Italy and Tunisia.\nThe project involves the construction of a 600 MW, 500 kV power line approximately 220 kilometres long, of which more than 200 kilometres of submarine cable across the Strait of Sicily, connecting the Partanna substation in Sicily with the Mlaabi substation on the Tunisian peninsula of Cap Bon. Designed to ensure ", "directives": ["Energy"], "sector": "energy", "objective": "Strengthening energy interconnections", "country": "TN", "countries": null, "country_names": ["Tunisia"], "stage": "Ongoing", "stage_it": "In corso", "dash_status": "under_construction", "amount_text": "EUR 1.4 billion", "amount_eur": 1400000000.0, "amount_currency": "EUR", "amount_shared": null, "implementer": "Terna S.p.A., Soci\u00e9t\u00e9 Tunisienne de l'\u00c9lectricit\u00e9 et du Gaz (STEG)", "partnerships": null, "international_partners": "Global Gateway/Team Europe", "resources": "Terna S.p.A., European Union, World Bank, German development bank (KfW), European Investment Bank (EIB), European Bank for Reconstruction and Development (EBRD)", "geo_precision": 1, "location_name": "Mlaabi, Cap Bon (near Menzel Temime)", "locations": null, "gallery": 4, "url": "https://www.governo.it/it/piano-mattei/progetti/progetto/progetto-elmed/", "url_en": "https://www.governo.it/en/piano-mattei/progetti/progetto/progetto-elmed/"}}, {"type": "Feature", "geometry": {"type": "Point", "coordinates": [15.27752, 6.80691]}, "properties": {"source": "Piano Mattei portal", "layer": "mattei", "id": "progetto-digital-flagship-dell-italia-con-l-africa", "name": "Italy's Digital Flagship with Africa", "name_it": "Digital Flagship dell'Italia con l'Africa", "description": "Italy's Digital Flagship with Africa is a digital transformation initiative developed under the Mattei Plan, promoted by the Ministry of Foreign Affairs and International Cooperation (MAECI) in partnership with the United Nations Development Programme (UNDP), with the operational support of the Italian Agency for Development Cooperation (AICS) and the Agency for Digital Italy. Officially launched in Accra, Ghana, on 14 November 2024, the project initially targets four nations \u2014 C\u00f4te d'Ivoire, Ghana, Mozambique and Senegal \u2014 with the aim of designing bankable multi-year initiatives focused on d", "directives": ["Physical and digital infrastructure"], "sector": "ict", "objective": "Digital transformation", "country": null, "countries": ["MZ", "GH", "CI", "SN"], "country_names": ["Mozambique", "Ghana", "C\u00f4te d'Ivoire", "Senegal"], "stage": "Ongoing", "stage_it": "In corso", "dash_status": "under_construction", "amount_text": "EUR 82.7 million", "amount_eur": 82700000.0, "amount_currency": "EUR", "amount_shared": null, "implementer": "United Nations Development Programme\n(UNDP)", "partnerships": null, "international_partners": "Global Gateway/Team Europe, UNDP", "resources": "Ministry of Foreign Affairs and International Cooperation (MAECI)", "geo_precision": 4, "location_name": null, "locations": null, "gallery": 0, "url": "https://www.governo.it/it/piano-mattei/progetti/progetto/progetto-digital-flagship-dell-italia-con-l-africa/", "url_en": "https://www.governo.it/en/piano-mattei/progetti/progetto/progetto-italy-s-digital-flagship-with-africa/"}}, {"type": "Feature", "geometry": {"type": "Point", "coordinates": [-7.9462, 32.2328]}, "properties": {"source": "Piano Mattei portal", "layer": "mattei", "id": "progetto-centro-di-eccellenza-panafricano-per-la-formazione-sulle-energie-rinnovabili-e-la-transizione-energetica", "name": "Pan-African centre of excellence for training in renewable energy and the energy transition", "name_it": "Centro di eccellenza panafricano per la formazione sulle energie rinnovabili e la transizione energetica", "description": "The project supports the creation of a multi-purpose Centre dedicated to managerial and technical training, applied research and entrepreneurship support in the renewable energy sector and the energy transition in Africa. The activities are carried out by the Enel Foundation and the RES4Africa Foundation in partnership with Mohammed VI Polytechnic University and other universities in the continent. Born in Morocco, the programme has progressively expanded to East and Southern Africa, building an ecosystem of skills distributed across the entire continent and capable of adapting to the specific", "directives": ["Education/Training/Culture", "Energy"], "sector": "education", "objective": "Training in the energy field", "country": "MA", "countries": ["MA", "KE", "ZA"], "country_names": ["Morocco", "Kenya", "South Africa"], "stage": "Ongoing", "stage_it": "In corso", "dash_status": "under_construction", "amount_text": null, "amount_eur": null, "amount_currency": null, "amount_shared": null, "implementer": "Enel Foundation, RES4Africa Foundation", "partnerships": "Mohammed VI Polytechnic University in Morocco, \nStrathmore University in Kenya, \nUniversity of Pretoria in South Africa", "international_partners": null, "resources": "Enel Foundation resources", "geo_precision": 1, "location_name": "Ben Guerir (UM6P campus)", "locations": [[36.8173, -1.289, "Nairobi"], [28.188, -25.746, "Pretoria"]], "gallery": 36, "url": "https://www.governo.it/it/piano-mattei/progetti/progetto/progetto-centro-di-eccellenza-panafricano-per-la-formazione-sulle-energie-rinnovabili-e-la-transizione-energetica/", "url_en": "https://www.governo.it/en/piano-mattei/progetti/progetto/progetto-pan-african-centre-of-excellence-for-training-in-renewable-energy-and-the-energy-transition/"}}, {"type": "Feature", "geometry": {"type": "Point", "coordinates": [15.27752, 6.80691]}, "properties": {"source": "Piano Mattei portal", "layer": "mattei", "id": "progetto-a-roadmap-to-connect-africa-to-europe-for-clean-energy-production", "name": "A Roadmap to connect Africa to Europe for clean energy production", "name_it": "A Roadmap to connect Africa to Europe for clean energy production", "description": "The project \u2013 coordinated by the Ministry of Economy and Finance (MEF) as beneficiary of the European funds made available through the TSI - Technical Support Instrument programme \u2013 develops a comprehensive mapping of energy interconnection possibilities (starting from the initiatives already under way), as well as of the development potential in the field of renewable energy in North Africa and the interventions to be promoted on both shores of the Mediterranean. The objective is to facilitate energy integration between the European Union and North Africa in order to support a flow of clean e", "directives": ["Physical and digital infrastructure", "Energy"], "sector": "energy", "objective": "Renewable energy and energy interconnections.", "country": null, "countries": ["TN", "DZ", "EG"], "country_names": ["Tunisia", "Algeria", "Egypt"], "stage": "Ongoing", "stage_it": "In corso", "dash_status": "under_construction", "amount_text": "EUR 700,000", "amount_eur": 700000.0, "amount_currency": "EUR", "amount_shared": null, "implementer": "World Bank", "partnerships": "CESI, Res4Africa", "international_partners": "Global Gateway/Team Europe, World Bank", "resources": "Ministry of Economy and Finance (MEF)", "geo_precision": 4, "location_name": null, "locations": null, "gallery": 0, "url": "https://www.governo.it/it/piano-mattei/progetti/progetto/progetto-a-roadmap-to-connect-africa-to-europe-for-clean-energy-production/", "url_en": "https://www.governo.it/en/piano-mattei/progetti/progetto/progetto-a-roadmap-to-connect-africa-to-europe-for-clean-energy-production/"}}, {"type": "Feature", "geometry": {"type": "Point", "coordinates": [15.27752, 6.80691]}, "properties": {"source": "Piano Mattei portal", "layer": "mattei", "id": "progetto-investimento-in-favore-del-programma-the-alliance-for-green-infrastructure-in-africa-per-lo-sviluppo-d-3dad76a5", "name": "Investment in the programme The Alliance for Green Infrastructure in Africa for the development of sustainable infrastructure on the African continent (AGIA-PD)", "name_it": "Investimento in favore del programma The Alliance for Green Infrastructure in Africa per lo sviluppo di infrastrutture sostenibili nel continente africano (AGIA-PD)", "description": "The contribution of the Italian Climate Fund - for an amount of up to USD 40 million - is intended for participation in the private equity fund AGIA Project Development Fund (AGIA PD), managed by Africa50, for the development of green and sustainable infrastructure in Africa.\nThe investment is part of the broader initiative for the development of infrastructure projects in Africa (The Alliance for Green Infrastructure in Africa) - launched at COP28 by the African Development Bank (AfDB) - with the aim of developing bankable projects in the green infrastructure sector, mobilising private capita", "directives": ["Physical and digital infrastructure"], "sector": "other", "objective": "Strengthening project development capacity in the green infrastructure sector", "country": null, "countries": ["EG", "TN", "MA", "DZ", "KE", "ET", "MZ", "CG", "CI", "AO", "GH", "MR", "SN", "TZ", "GA", "RW", "CD", "ZM"], "country_names": ["Egypt", "Tunisia", "Morocco", "Algeria", "Kenya", "Ethiopia", "Mozambique", "Republic of the Congo", "C\u00f4te d'Ivoire", "Angola", "Ghana", "Mauritania", "Senegal", "Tanzania", "Gabon", "Rwanda", "Democratic Republic of the Congo", "Zambia"], "stage": "Ongoing", "stage_it": "In corso", "dash_status": "under_construction", "amount_text": "EUR 40 million", "amount_eur": 40000000.0, "amount_currency": "EUR", "amount_shared": null, "implementer": "Africa50 PD Manager, fund manager", "partnerships": null, "international_partners": "African Development Bank", "resources": "Italian Climate Fund", "geo_precision": 4, "location_name": null, "locations": null, "gallery": 0, "url": "https://www.governo.it/it/piano-mattei/progetti/progetto/progetto-investimento-in-favore-del-programma-the-alliance-for-green-infrastructure-in-africa-per-lo-sviluppo-d-3dad76a5/", "url_en": "https://www.governo.it/en/piano-mattei/progetti/progetto/progetto-investment-in-the-programme-the-alliance-for-green-infrastructure-in-africa-for-the-development-of-sus-67661f04/"}}, {"type": "Feature", "geometry": {"type": "Point", "coordinates": [15.27752, 6.80691]}, "properties": {"source": "Piano Mattei portal", "layer": "mattei", "id": "progetto-assistenza-tecnica-in-favore-del-programma-di-sviluppo-the-alliance-for-green-infrastructure-in-africa-09ce9bae", "name": "Technical assistance in support of the development programme The Alliance for Green Infrastructure in Africa Project Preparation (AGIA-PP)", "name_it": "Assistenza tecnica in favore del programma di sviluppo The Alliance for Green Infrastructure in Africa Project Preparation (AGIA-PP)", "description": "The intervention involves the disbursement, by the Italian Climate Fund, of a grant contribution of USD 5 million in support of the AGIA-PP initiative (Alliance for Green Infrastructure in Africa \u2013 Project Preparation), managed by the African Development Bank (AfDB) through the Special Funds SEFA (Sustainable Energy Fund for Africa) and NEPAD-IPPF (Infrastructure Project Preparation Facility).\nThe investment is part of the broader initiative for the development of infrastructure projects in Africa (The Alliance for Green Infrastructure in Africa) - launched at COP28 by the African Development ", "directives": ["Physical and digital infrastructure"], "sector": "other", "objective": "Development of project preparation capacities for green infrastructure", "country": null, "countries": ["EG", "TN", "MA", "DZ", "KE", "ET", "MZ", "CG", "CI", "AO", "GH", "MR", "SN", "TZ", "GA", "RW", "CD", "ZM"], "country_names": ["Egypt", "Tunisia", "Morocco", "Algeria", "Kenya", "Ethiopia", "Mozambique", "Republic of the Congo", "C\u00f4te d'Ivoire", "Angola", "Ghana", "Mauritania", "Senegal", "Tanzania", "Gabon", "Rwanda", "Democratic Republic of the Congo", "Zambia"], "stage": "Approved", "stage_it": "Approvato", "dash_status": "approved", "amount_text": "EUR 5 million", "amount_eur": 5000000.0, "amount_currency": "EUR", "amount_shared": null, "implementer": "African Development Bank (AfDB), Sustainable Energy Fund for Africa (SEFA) and\nInfrastructure Project Preparation Facility (NEPAD\u2011IPPF\u2013NEPAD)", "partnerships": null, "international_partners": "African Development Bank", "resources": "Italian Climate Fund", "geo_precision": 4, "location_name": null, "locations": null, "gallery": 0, "url": "https://www.governo.it/it/piano-mattei/progetti/progetto/progetto-assistenza-tecnica-in-favore-del-programma-di-sviluppo-the-alliance-for-green-infrastructure-in-africa-09ce9bae/", "url_en": "https://www.governo.it/en/piano-mattei/progetti/progetto/progetto-technical-assistance-in-support-of-the-development-programme-the-alliance-for-green-infrastructure-in--16535cdd/"}}, {"type": "Feature", "geometry": {"type": "Point", "coordinates": [15.27752, 6.80691]}, "properties": {"source": "Piano Mattei portal", "layer": "mattei", "id": "progetto-investimento-nel-fondo-infrastructure-climate-resilient-fund-lp-icrf", "name": "Investment in the Infrastructure Climate Resilient Fund LP (ICRF)", "name_it": "Investimento nel fondo Infrastructure Climate Resilient Fund LP (ICRF)", "description": "The intervention involves an investment by the Italian Climate Fund of up to USD 35 million in the Infrastructure Climate Resilient Fund LP, an equity fund managed by AFC Capital Partners - a company wholly owned by the Africa Finance Corporation - dedicated to the development of climate-resilient infrastructure in Africa.\nThe ICRF Fund, to which participation is proposed, was created to promote interventions with adaptation objectives (70% of resources) and climate change mitigation objectives (the remaining 30%), aimed at improving the quality, climate resilience and longevity of infrastruct", "directives": ["Physical and digital infrastructure"], "sector": "other", "objective": "Development of climate-resilient infrastructure", "country": null, "countries": ["EG", "TN", "MA", "DZ", "KE", "ET", "MZ", "CG", "CI", "AO", "GH", "MR", "SN", "TZ", "GA", "RW", "CD", "ZM"], "country_names": ["Egypt", "Tunisia", "Morocco", "Algeria", "Kenya", "Ethiopia", "Mozambique", "Republic of the Congo", "C\u00f4te d'Ivoire", "Angola", "Ghana", "Mauritania", "Senegal", "Tanzania", "Gabon", "Rwanda", "Democratic Republic of the Congo", "Zambia"], "stage": "Approved", "stage_it": "Approvato", "dash_status": "approved", "amount_text": "EUR 35 million", "amount_eur": 35000000.0, "amount_currency": "EUR", "amount_shared": null, "implementer": "Africa Finance Corporation (AFC) Capital Partners (ACP) - manager of the Infrastructure Climate Resilient Fund (ICRF)", "partnerships": null, "international_partners": null, "resources": "Italian Climate Fund", "geo_precision": 4, "location_name": null, "locations": null, "gallery": 0, "url": "https://www.governo.it/it/piano-mattei/progetti/progetto/progetto-investimento-nel-fondo-infrastructure-climate-resilient-fund-lp-icrf/", "url_en": "https://www.governo.it/en/piano-mattei/progetti/progetto/progetto-investment-in-the-infrastructure-climate-resilient-fund-lp-icrf/"}}, {"type": "Feature", "geometry": {"type": "Point", "coordinates": [15.27752, 6.80691]}, "properties": {"source": "Piano Mattei portal", "layer": "mattei", "id": "progetto-contributo-in-favore-del-fund-for-responding-to-loss-and-damage-frld", "name": "Contribution to the Fund for Responding to Loss and Damage (FRLD)", "name_it": "Contributo in favore del Fund for Responding to Loss and Damage (FRLD)", "description": "The intervention consists of the disbursement, by the Italian Climate Fund, of a grant contribution of up to EUR 20 million \u2013 of which EUR 10 million drawn from the Mattei Plan Quota \u2013 in favour of the Fund for Responding to Loss and Damage (FRLD).\nThe FRLD was established within the framework of the United Nations Framework Convention on Climate Change and the Paris Agreement, with the objective of providing additional financial resources to developing countries particularly vulnerable to the adverse impacts of climate change, in order to effectively address loss and damage that has already o", "directives": ["Water", "Agriculture/Fisheries", "Energy", "Education/Training/Culture", "Physical and digital infrastructure", "Health"], "sector": "other", "objective": "Promotion of structural measures to reduce vulnerability to the adverse impacts of climate change", "country": null, "countries": ["EG", "TN", "MA", "DZ", "KE", "ET", "MZ", "CG", "CI", "AO", "GH", "MR", "SN", "TZ", "GA", "RW", "CD", "ZM"], "country_names": ["Egypt", "Tunisia", "Morocco", "Algeria", "Kenya", "Ethiopia", "Mozambique", "Republic of the Congo", "C\u00f4te d'Ivoire", "Angola", "Ghana", "Mauritania", "Senegal", "Tanzania", "Gabon", "Rwanda", "Democratic Republic of the Congo", "Zambia"], "stage": "Approved", "stage_it": "Approvato", "dash_status": "approved", "amount_text": "EUR 10 million", "amount_eur": 10000000.0, "amount_currency": "EUR", "amount_shared": null, "implementer": null, "partnerships": "World Bank", "international_partners": "World Bank", "resources": "Italian Climate Fund", "geo_precision": 4, "location_name": null, "locations": null, "gallery": 0, "url": "https://www.governo.it/it/piano-mattei/progetti/progetto/progetto-contributo-in-favore-del-fund-for-responding-to-loss-and-damage-frld/", "url_en": "https://www.governo.it/en/piano-mattei/progetti/progetto/progetto-contribution-to-the-fund-for-responding-to-loss-and-damage-frld/"}}, {"type": "Feature", "geometry": {"type": "Point", "coordinates": [15.27752, 6.80691]}, "properties": {"source": "Piano Mattei portal", "layer": "mattei", "id": "progetto-finanziamentoin-favore-di-exchange-traded-commodities-group-etc-per-attivita-connesse-alla-catena-di-a-aa53e41b", "name": "Financing to the Exchange Traded Commodities Group (ETC) for activities connected with the agricultural supply chain in Africa (Exchange Traded Commodities Group - Plafond Africa)", "name_it": "Finanziamentoin favore di Exchange Traded Commodities Group (ETC) per attivit\u00e0 connesse alla catena di approvvigionamento agricola in Africa (Exchange Traded Commodities Group - Plafond Africa)", "description": "The intervention consists of a \u20ac50 million loan provided by Cassa Depositi e Prestiti (CDP) from its own resources under the Plafond Africa instrument to ETC Group Ltd, one of the world's leading operators in the trading and processing of agricultural commodities. The financing aims to support the development of local agricultural value chains and strengthen the stability of supplies.\nThe resources will support the Group's agricultural supply chain operations across Africa, with a particular focus on the countries involved in the Mattei Plan, including the maintenance and modernization of its ", "directives": ["Physical and digital infrastructure"], "sector": "agriculture", "objective": "Strengthening agricultural production systems", "country": null, "countries": ["EG", "TN", "MA", "DZ", "KE", "ET", "MZ", "CG", "CI", "AO", "GH", "MR", "SN", "TZ", "GA", "RW", "CD", "ZM"], "country_names": ["Egypt", "Tunisia", "Morocco", "Algeria", "Kenya", "Ethiopia", "Mozambique", "Republic of the Congo", "C\u00f4te d'Ivoire", "Angola", "Ghana", "Mauritania", "Senegal", "Tanzania", "Gabon", "Rwanda", "Democratic Republic of the Congo", "Zambia"], "stage": "Approved", "stage_it": "Approvato", "dash_status": "approved", "amount_text": "EUR 50 million", "amount_eur": 50000000.0, "amount_currency": "EUR", "amount_shared": null, "implementer": null, "partnerships": null, "international_partners": null, "resources": "Plafond Africa", "geo_precision": 4, "location_name": null, "locations": null, "gallery": 0, "url": "https://www.governo.it/it/piano-mattei/progetti/progetto/progetto-finanziamentoin-favore-di-exchange-traded-commodities-group-etc-per-attivita-connesse-alla-catena-di-a-aa53e41b/", "url_en": "https://www.governo.it/en/piano-mattei/progetti/progetto/progetto-financing-to-the-exchange-traded-commodities-group-etc-for-activities-connected-with-the-agricultural--667a37df/"}}, {"type": "Feature", "geometry": {"type": "Point", "coordinates": [15.27752, 6.80691]}, "properties": {"source": "Piano Mattei portal", "layer": "mattei", "id": "progetto-progetto-africa-rafforzamento-delle-capacita-competenze-e-conoscenze-degli-alti-funzionari-pubblici", "name": "Africa Project - Strengthening the capacities, skills and knowledge of senior public officials", "name_it": "Progetto Africa - Rafforzamento delle capacit\u00e0, competenze e conoscenze degli alti funzionari pubblici", "description": "The National School of Administration (SNA) has launched the Africa Project, one of the first concrete actions of the axis dedicated to training and human capital. The initiative is dedicated to strengthening the capacities of the public administrations of four pilot nations \u2014 C\u00f4te d'Ivoire, Ethiopia, Kenya and Tunisia \u2014 and is financed by the Ministry of Foreign Affairs and International Cooperation with grant resources and implemented in close collaboration with the Department for Public Administration and the Italian Agency for Development Cooperation.\nThe three-year project aims to strengt", "directives": ["Education/Training/Culture"], "sector": "education", "objective": "Strengthening public administration capacities", "country": null, "countries": ["CI", "ET", "KE", "TN"], "country_names": ["C\u00f4te d'Ivoire", "Ethiopia", "Kenya", "Tunisia"], "stage": "Ongoing", "stage_it": "In corso", "dash_status": "under_construction", "amount_text": "EUR 6.5 million", "amount_eur": 6500000.0, "amount_currency": "EUR", "amount_shared": null, "implementer": "National School of Administration (SNA)", "partnerships": "Local counterpart bodies of the National School of Administration (SNA) in the African nations", "international_partners": null, "resources": "Ministry of Foreign Affairs and International Cooperation (MAECI)", "geo_precision": 4, "location_name": null, "locations": null, "gallery": 12, "url": "https://www.governo.it/it/piano-mattei/progetti/progetto/progetto-progetto-africa-rafforzamento-delle-capacita-competenze-e-conoscenze-degli-alti-funzionari-pubblici/", "url_en": "https://www.governo.it/en/piano-mattei/progetti/progetto/progetto-africa-project-strengthening-the-capacities-skills-and-knowledge-of-senior-public-officials/"}}, {"type": "Feature", "geometry": {"type": "Point", "coordinates": [15.27752, 6.80691]}, "properties": {"source": "Piano Mattei portal", "layer": "mattei", "id": "progetto-act-coffee-programme-advancing-climate-resilience-and-trasformartion-in-african-coffee", "name": "ACT Coffee Programme - Advancing Climate Resilience and Transformation in African Coffee", "name_it": "ACT Coffee Programme - Advancing Climate Resilience and Trasformartion in  African Coffee", "description": "The programme constitutes one of the main components of Italy's broader international coffee strategy. It is a continental-scale project involving 5 pilot nations (Ethiopia, Uganda, Kenya, Tanzania and Malawi), with the ambition of extending to all coffee-producing African nations.\nCurrently, the main activities involve the creation and strengthening of Coffee Training Centers and the establishment of an international coordination structure with the aim of maximising the project's results. The programme aims to generate nation-specific projects through access to different grant and credit fina", "directives": ["Agriculture/Fisheries", "Education/Training/Culture"], "sector": "agriculture", "objective": "Enhancement and strengthening of the coffee value chain", "country": null, "countries": ["ET", "KE", "TZ", "MW", "UG"], "country_names": ["Ethiopia", "Kenya", "Tanzania", "Malawi", "Uganda"], "stage": "Ongoing", "stage_it": "In corso", "dash_status": "under_construction", "amount_text": "EUR 26 million", "amount_eur": 26000000.0, "amount_currency": "EUR", "amount_shared": null, "implementer": "UNIDO", "partnerships": "International Coffee Organization (ICO), Inter-African Coffee Organization (IACO), European Commission, Illycaff\u00e8; Lavazza S.p.A.; European Coffee Federation (ECF), Assicurazioni Generali", "international_partners": "Global Gateway/Team Europe", "resources": "Ministry of Foreign Affairs and International Cooperation (MAECI)", "geo_precision": 4, "location_name": null, "locations": null, "gallery": 0, "url": "https://www.governo.it/it/piano-mattei/progetti/progetto/progetto-act-coffee-programme-advancing-climate-resilience-and-trasformartion-in-african-coffee/", "url_en": "https://www.governo.it/en/piano-mattei/progetti/progetto/progetto-act-coffee-programme-advancing-climate-resilience-and-transformation-in-african-coffee/"}}, {"type": "Feature", "geometry": {"type": "Point", "coordinates": [15.27752, 6.80691]}, "properties": {"source": "Piano Mattei portal", "layer": "mattei", "id": "progetto-area-africa-rafforzamento-degli-ecosistemi-agro-alimentari-in-africa-in-partenariato-con-il-sistema-pr-cd21711f", "name": "AREA Africa - Strengthening agri-food ecosystems in Africa in partnership with the Italian private sector", "name_it": "AREA Africa - Rafforzamento degli ecosistemi agro-alimentari in Africa in partenariato con il sistema privato Italiano", "description": "The initiative Area Africa - Strengthening agri-food ecosystems in Africa in partnership with the Italian private sector is a public-private partnership co-financed in equal measure by the Ministry of Foreign Affairs and International Cooperation \u2014 which draws on the International Centre for Advanced Mediterranean Agronomic Studies of Bari (CIHEAM Bari) as knowledge partner and implementing body for the public component \u2014 and by the private group BF SpA. The programme is designed on the basis of needs identified jointly with the local authorities of the partner nations: Senegal, Ghana and the ", "directives": ["Agriculture/Fisheries", "Physical and digital infrastructure"], "sector": "agriculture", "objective": "Improving food security and strengthening the climate resilience of local food systems", "country": null, "countries": ["CG", "SN", "GH"], "country_names": ["Republic of the Congo", "Senegal", "Ghana"], "stage": "Ongoing", "stage_it": "In corso", "dash_status": "under_construction", "amount_text": "EUR 199 million in co-financing with the Italian private sector", "amount_eur": 199000000.0, "amount_currency": "EUR", "amount_shared": null, "implementer": "International Centre for Advanced Mediterranean Agronomic Studies of Bari (CIHEAM), BF SpA Group.", "partnerships": "Ministries of Agriculture, agencies, research and training bodies, universities, civil society, agricultural cooperatives and informal smallholder farmer groups in each of the nations involved", "international_partners": null, "resources": "Ministry of Foreign Affairs and International Cooperation (MAECI) and private sector resources", "geo_precision": 4, "location_name": null, "locations": null, "gallery": 0, "url": "https://www.governo.it/it/piano-mattei/progetti/progetto/progetto-area-africa-rafforzamento-degli-ecosistemi-agro-alimentari-in-africa-in-partenariato-con-il-sistema-pr-cd21711f/", "url_en": "https://www.governo.it/en/piano-mattei/progetti/progetto/progetto-area-africa-strengthening-agri-food-ecosystems-in-africa-in-partnership-with-the-italian-private-sector/"}}, {"type": "Feature", "geometry": {"type": "Point", "coordinates": [15.27752, 6.80691]}, "properties": {"source": "Piano Mattei portal", "layer": "mattei", "id": "progetto-3den-digital-demand-driven-electricity-networks-initiative", "name": "3DEN: Digital Demand-Driven Electricity Networks initiative", "name_it": "3DEN: Digital demand-driven electricity networks initiative", "description": "3DEN is an inter-agency collaboration between the International Energy Agency (IEA), the Italian Ministry of Environment and Energy Security (MASE) and the United Nations Environment Programme (UNEP), created with the aim of accelerating the modernisation of electricity systems in developing nations through digitalisation. The IEA provides analysis, tools and policy guidance; UNEP manages the pilot project selection process and oversees implementation to ensure concrete impact on the ground; MASE funds the initiative. Governance is entrusted to a Joint Committee made up of representatives of t", "directives": ["Energy"], "sector": "energy", "objective": "Digitalisation of electricity systems", "country": null, "countries": ["EG", "TN", "MA", "DZ", "KE", "ET", "MZ", "CG", "CI", "AO", "GH", "MR", "SN", "TZ", "GA", "RW", "CD", "ZM"], "country_names": ["Egypt", "Tunisia", "Morocco", "Algeria", "Kenya", "Ethiopia", "Mozambique", "Republic of the Congo", "C\u00f4te d'Ivoire", "Angola", "Ghana", "Mauritania", "Senegal", "Tanzania", "Gabon", "Rwanda", "Democratic Republic of the Congo", "Zambia"], "stage": "Ongoing", "stage_it": "In corso", "dash_status": "under_construction", "amount_text": "EUR 24.5 million", "amount_eur": 24500000.0, "amount_currency": "EUR", "amount_shared": null, "implementer": "Ministry of the Environment and Energy Security (MASE), United Nations Environment Programme (UNEP), International Energy Agency (IEA)", "partnerships": null, "international_partners": "Global Gateway/Team Europe", "resources": "Ministry of the Environment and Energy Security (MASE)", "geo_precision": 4, "location_name": null, "locations": null, "gallery": 0, "url": "https://www.governo.it/it/piano-mattei/progetti/progetto/progetto-3den-digital-demand-driven-electricity-networks-initiative/", "url_en": "https://www.governo.it/en/piano-mattei/progetti/progetto/progetto-3den-digital-demand-driven-electricity-networks-initiative/"}}, {"type": "Feature", "geometry": {"type": "Point", "coordinates": [15.27752, 6.80691]}, "properties": {"source": "Piano Mattei portal", "layer": "mattei", "id": "progetto-energy-for-growth-in-africa", "name": "Energy for Growth in Africa", "name_it": "Energy for growth In Africa", "description": "Energy for Growth in Africa is an initiative proposed by the Italian Government and implemented by the United Nations Development Programme (UNDP), endorsed by the G7 Leaders at the Borgo Egnazia Summit in 2024 with the involvement of partners from across the African continent. The starting point is a structural fact of enormous scale: around 600 million Africans still lack access to electricity, and more than one billion still cook over open fires using wood, charcoal, kerosene and animal waste, with very serious consequences for health, education, climate and economic development, and dispro", "directives": ["Energy"], "sector": "energy", "objective": "Access to electric power and promotion of clean energy projects", "country": null, "countries": ["CI", "ET", "KE", "MZ", "CG", "TZ", "TN", "MR", "RW", "ZM"], "country_names": ["C\u00f4te d'Ivoire", "Ethiopia", "Kenya", "Mozambique", "Republic of the Congo", "Tanzania", "Tunisia", "Mauritania", "Rwanda", "Zambia"], "stage": "Ongoing", "stage_it": "In corso", "dash_status": "under_construction", "amount_text": "EUR 9 million", "amount_eur": 9000000.0, "amount_currency": "EUR", "amount_shared": null, "implementer": "Ministry of the Environment and Energy Security (MASE), United Nations Development Programme (UNDP)", "partnerships": null, "international_partners": "Global Gateway/Team Europe, UNDP", "resources": "Ministry of the Environment and Energy Security (MASE)", "geo_precision": 4, "location_name": null, "locations": null, "gallery": 0, "url": "https://www.governo.it/it/piano-mattei/progetti/progetto/progetto-energy-for-growth-in-africa/", "url_en": "https://www.governo.it/en/piano-mattei/progetti/progetto/progetto-energy-for-growth-in-africa/"}}, {"type": "Feature", "geometry": {"type": "Point", "coordinates": [15.27752, 6.80691]}, "properties": {"source": "Piano Mattei portal", "layer": "mattei", "id": "progetto-sahelian-landscapes-a-land-of-opportunities-widen-proven-furrows-logme-ii", "name": "Sahelian Landscapes, A Land of Opportunities - Widen Proven Furrows (LOGMe II)", "name_it": "Sahelian landscapes, A Land of Opportunities - Widen Proven Furrows (LOGME II)", "description": "LOGMe II \u2014 Sahelian Landscapes, a Land of Opportunities: Widen Proven Furrows \u2014 is the second phase of a programme fully funded by the Ministry of Environment and Energy Security (MASE) and carried out in collaboration with the Global Mechanism of the United Nations Convention to Combat Desertification (UNCCD), with the International Union for Conservation of Nature (IUCN) responsible for implementation in the field. The new agreement, worth EUR 11 million, was signed on 20 November 2024 and launched on the sidelines of COP16 on Desertification in Riyadh in December 2024.\nThe project is the *d", "directives": ["Agriculture/Fisheries"], "sector": "agriculture", "objective": "Combating desertification and land degradation, restoring degraded land and ecosystems", "country": null, "countries": ["GH", "SN", "BJ", "BF", "NE"], "country_names": ["Ghana", "Senegal", "Benin", "Burkina Faso", "Niger"], "stage": "Ongoing", "stage_it": "In corso", "dash_status": "under_construction", "amount_text": "EUR 11 million", "amount_eur": 11000000.0, "amount_currency": "EUR", "amount_shared": null, "implementer": "Ministry of the Environment and Energy Security (MASE), United Nations Convention to Combat Desertification (UNCCD), International Union for Conservation of Nature (IUCN)", "partnerships": null, "international_partners": null, "resources": "Ministry of the Environment and Energy Security (MASE)", "geo_precision": 4, "location_name": null, "locations": null, "gallery": 0, "url": "https://www.governo.it/it/piano-mattei/progetti/progetto/progetto-sahelian-landscapes-a-land-of-opportunities-widen-proven-furrows-logme-ii/", "url_en": "https://www.governo.it/en/piano-mattei/progetti/progetto/progetto-sahelian-landscapes-a-land-of-opportunities-widen-proven-furrows-logme-ii/"}}, {"type": "Feature", "geometry": {"type": "Point", "coordinates": [15.27752, 6.80691]}, "properties": {"source": "Piano Mattei portal", "layer": "mattei", "id": "progetto-platform-for-investment-support-and-technical-assistance-pista", "name": "Platform for Investment Support and Technical Assistance (PISTA)", "name_it": "Platform for investment support and technical assistance (PISTA)", "description": "PISTA \u2014 Platform for Investment Support and Technical Assistance \u2014 is a climate finance platform established by the Rome Centre for Climate Action and Energy Transition of the United Nations Development Programme (UNDP) with funding from the Italian Ministry of the Environment and Energy Security. Launched on 17 June 2024, it aims to complement the Centre's existing activities with those linked to MASE's international cooperation efforts, while also acting as a catalyst for the development of project proposals potentially eligible for the Italian Climate Fund or other international financing i", "directives": ["Energy", "Water", "Agriculture/Fisheries"], "sector": "energy", "objective": "Mobilisation of climate finance for bankable projects in developing countries", "country": null, "countries": ["EG", "TN", "MA", "DZ", "KE", "ET", "MZ", "CG", "CI", "AO", "GH", "MR", "SN", "TZ", "GA", "RW", "CD", "ZM"], "country_names": ["Egypt", "Tunisia", "Morocco", "Algeria", "Kenya", "Ethiopia", "Mozambique", "Republic of the Congo", "C\u00f4te d'Ivoire", "Angola", "Ghana", "Mauritania", "Senegal", "Tanzania", "Gabon", "Rwanda", "Democratic Republic of the Congo", "Zambia"], "stage": "Ongoing", "stage_it": "In corso", "dash_status": "under_construction", "amount_text": "EUR 20.6 million", "amount_eur": 20600000.0, "amount_currency": "EUR", "amount_shared": null, "implementer": "United Nations Development Programme (UNDP)", "partnerships": null, "international_partners": "Global Gateway/Team Europe, UNDP", "resources": "Ministry of the Environment and Energy Security (MASE)", "geo_precision": 4, "location_name": null, "locations": null, "gallery": 4, "url": "https://www.governo.it/it/piano-mattei/progetti/progetto/progetto-platform-for-investment-support-and-technical-assistance-pista/", "url_en": "https://www.governo.it/en/piano-mattei/progetti/progetto/progetto-platform-for-investment-support-and-technical-assistance-pista/"}}, {"type": "Feature", "geometry": {"type": "Point", "coordinates": [15.27752, 6.80691]}, "properties": {"source": "Piano Mattei portal", "layer": "mattei", "id": "progetto-g7-adaptation-accelerator-hub", "name": "G7 Adaptation Accelerator Hub", "name_it": "G7 Adaptation Accelerator Hub", "description": "The G7 Adaptation Accelerator Hub (AAH) is an initiative promoted by the Ministry of Environment and Energy Security under the Italian G7 Presidency in 2024, with the support of the United Nations Development Programme (UNDP).\nThe initiative supports partner countries in implementing their National Adaptation Plans (NAPs), helping to translate national adaptation priorities into concrete interventions and implementation-oriented investment pathways. The Adaptation Accelerator Hub acts as a strategic enabler, fostering coordination and complementarity among initiatives, instruments and partners", "directives": ["Physical and digital infrastructure"], "sector": "environment", "objective": "Accelerating climate adaptation in the most vulnerable nations", "country": null, "countries": ["ET", "GH", "MU", "SN"], "country_names": ["Ethiopia", "Ghana", "Mauritius", "Senegal", "Maldives"], "stage": "Ongoing", "stage_it": "In corso", "dash_status": "under_construction", "amount_text": "EUR 6 million", "amount_eur": 6000000.0, "amount_currency": "EUR", "amount_shared": null, "implementer": "Ministry of the Environment and Energy Security (MASE); United Nations Development Programme (UNDP)", "partnerships": "G7", "international_partners": "UNDP", "resources": "Ministry of the Environment and Energy Security (MASE)", "geo_precision": 4, "location_name": null, "locations": null, "gallery": 9, "url": "https://www.governo.it/it/piano-mattei/progetti/progetto/progetto-g7-adaptation-accelerator-hub/", "url_en": "https://www.governo.it/en/piano-mattei/progetti/progetto/progetto-g7-adaptation-accelerator-hub/"}}, {"type": "Feature", "geometry": {"type": "Point", "coordinates": [15.27752, 6.80691]}, "properties": {"source": "Piano Mattei portal", "layer": "mattei", "id": "progetto-premio-mattei-per-la-cooperazione-culturale", "name": "Mattei Prize for cultural cooperation", "name_it": "Premio Mattei per la cooperazione culturale", "description": "Promoted by the Ministry of Culture, the Mattei International Prize for Arts and Culture aims to consolidate relations between Italy, Europe and the African continent, promoting a model for the recognition and promotion of cultural initiatives. Inspired by Enrico Mattei's vision, the initiative supports creative and innovative projects in the cultural field and fosters synergy between artistic production, higher education and intercultural exchange. It draws on the Italian diplomatic network in agreement with the Ministry of Foreign Affairs and International Cooperation, involving artists and ", "directives": ["Education/Training/Culture"], "sector": "education", "objective": "Enhancement of cultural heritage, artistic collaboration and training", "country": null, "countries": ["DZ", "CI", "EG", "ET", "KE", "MA", "MZ", "CG", "TZ", "ZA", "RW", "MR", "GH", "AO", "TN", "SN"], "country_names": ["Algeria", "C\u00f4te d'Ivoire", "Egypt", "Ethiopia", "Kenya", "Morocco", "Mozambique", "Republic of the Congo", "Tanzania", "South Africa", "Rwanda", "Mauritania", "Ghana", "Angola", "Tunisia", "Senegal"], "stage": "Formulated", "stage_it": "Formulato", "dash_status": "announced", "amount_text": "EUR 1 million", "amount_eur": 1000000.0, "amount_currency": "EUR", "amount_shared": null, "implementer": "Ministry of Culture, MAECI and Central Institute for the Economic Enhancement and Promotion of Cultural Heritage (IC-VEPP)", "partnerships": null, "international_partners": null, "resources": "Ministry of Culture", "geo_precision": 4, "location_name": null, "locations": null, "gallery": 0, "url": "https://www.governo.it/it/piano-mattei/progetti/progetto/progetto-premio-mattei-per-la-cooperazione-culturale/", "url_en": "https://www.governo.it/en/piano-mattei/progetti/progetto/progetto-mattei-prize-for-cultural-cooperation/"}}, {"type": "Feature", "geometry": {"type": "Point", "coordinates": [15.27752, 6.80691]}, "properties": {"source": "Piano Mattei portal", "layer": "mattei", "id": "progetto-polo-culturale-maxxi-med", "name": "MAXXI Med cultural hub", "name_it": "Polo culturale MAXXI Med", "description": "MAXXI Med is the new hub for contemporary creativity based in Messina, which aims to become a nerve centre for cultural dialogue in the Mediterranean, using culture as a tool for social cohesion and an engine of development and growth among the various nations of the Mediterranean basin.\nWith an interdisciplinary approach, the centre will explore various evolving artistic practices, including music, dance and performance, across a geographical area stretching from Sicily to North Africa, building on the historical and social ties between these areas.", "directives": ["Education/Training/Culture"], "sector": "education", "objective": "Enhancement of cultural heritage", "country": null, "countries": ["DZ", "EG", "MA", "TN"], "country_names": ["Algeria", "Egypt", "Morocco", "Tunisia"], "stage": "Identified", "stage_it": "Identificato", "dash_status": "announced", "amount_text": "EUR 500,000", "amount_eur": 500000.0, "amount_currency": "EUR", "amount_shared": null, "implementer": "MAXXI Foundation, Ministry of Culture, National School of Cultural Heritage and Activities, Municipality of Messina and University of Messina", "partnerships": null, "international_partners": null, "resources": "Ministry of Culture", "geo_precision": 4, "location_name": null, "locations": null, "gallery": 0, "url": "https://www.governo.it/it/piano-mattei/progetti/progetto/progetto-polo-culturale-maxxi-med/", "url_en": "https://www.governo.it/en/piano-mattei/progetti/progetto/progetto-maxxi-med-cultural-hub/"}}, {"type": "Feature", "geometry": {"type": "Point", "coordinates": [15.27752, 6.80691]}, "properties": {"source": "Piano Mattei portal", "layer": "mattei", "id": "progetto-world-heritage-in-africa-processes-and-strategies-whaps", "name": "World Heritage in Africa: Processes and Strategies (WHAPS)", "name_it": "World Heritage in Africa: Processes and Strategies (WHAPS)", "description": "WHAPS \u2014 World Heritage in Africa: Processes and Strategies \u2014 is a training and cooperation initiative promoted by the National School of Cultural Heritage and Activities (SNPAC), founded by the Italian Ministry of Culture, and by the International Centre for the Study of the Preservation and Restoration of Cultural Property (ICCROM), based in Rome. The Memorandum of Understanding between the two institutions was signed in July 2024, formally launching the project.\nAfrica remains strongly under-represented on the UNESCO World Heritage List, with only 131 sites \u2014 around 12% of the world total \u2014 ", "directives": ["Education/Training/Culture"], "sector": "education", "objective": "Training in the cultural field", "country": null, "countries": ["DZ", "CI", "ET", "AO", "KE", "MA", "MZ", "SN", "TN", "TZ"], "country_names": ["Algeria", "C\u00f4te d'Ivoire", "Ethiopia", "Angola", "Kenya", "Morocco", "Mozambique", "Senegal", "Tunisia", "Tanzania"], "stage": "Completed", "stage_it": "Concluso", "dash_status": "operating", "amount_text": "EUR 426,000", "amount_eur": 426000.0, "amount_currency": "EUR", "amount_shared": null, "implementer": "Ministry of Culture, National School of Cultural Heritage and Activities (SNPAC) and International Centre for the Study of the Preservation and Restoration of Cultural Property (ICCROM),", "partnerships": null, "international_partners": null, "resources": "Ministry of Culture", "geo_precision": 4, "location_name": null, "locations": null, "gallery": 0, "url": "https://www.governo.it/it/piano-mattei/progetti/progetto/progetto-world-heritage-in-africa-processes-and-strategies-whaps/", "url_en": "https://www.governo.it/en/piano-mattei/progetti/progetto/progetto-world-heritage-in-africa-processes-and-strategies-whaps/"}}, {"type": "Feature", "geometry": {"type": "Point", "coordinates": [15.27752, 6.80691]}, "properties": {"source": "Piano Mattei portal", "layer": "mattei", "id": "progetto-iv-edizione-di-international-school-of-cultural-heritage-isch", "name": "4th Edition of the International School of Cultural Heritage (ISCH)", "name_it": "IV Edizione di International School of Cultural Heritage (ISCH)", "description": "The International School of Cultural Heritage (ISCH) is a professional development and international exchange programme launched in 2019, promoted by the Italian Ministry of Culture and the National School of Cultural Heritage and Activities (SNPAC), which oversees its implementation, with the support of the Ministry of Foreign Affairs and International Cooperation.\nWith the 4th edition, the link with the Mattei Plan becomes the initiative's explicit guiding thread. Launched in February 2026, the latest edition brings together 23 cultural heritage professionals from 12 African nations: Algeria", "directives": ["Education/Training/Culture"], "sector": "education", "objective": "Training in the cultural field", "country": null, "countries": ["DZ", "AO", "CG", "EG", "GH", "CI", "KE", "MA", "MZ", "SN", "TZ", "TN"], "country_names": ["Algeria", "Angola", "Republic of the Congo", "Egypt", "Ghana", "C\u00f4te d'Ivoire", "Kenya", "Morocco", "Mozambique", "Senegal", "Tanzania", "Tunisia"], "stage": "Ongoing", "stage_it": "In corso", "dash_status": "under_construction", "amount_text": "EUR 400,000", "amount_eur": 400000.0, "amount_currency": "EUR", "amount_shared": null, "implementer": "National School of Cultural Heritage and Activities and the International Centre for the Study of the Preservation and Restoration of Cultural Property (ICCROM) through the Great Zimbabwe National Monument", "partnerships": null, "international_partners": null, "resources": "Ministry of Culture", "geo_precision": 4, "location_name": null, "locations": null, "gallery": 0, "url": "https://www.governo.it/it/piano-mattei/progetti/progetto/progetto-iv-edizione-di-international-school-of-cultural-heritage-isch/", "url_en": "https://www.governo.it/en/piano-mattei/progetti/progetto/progetto-4th-edition-of-the-international-school-of-cultural-heritage-isch/"}}, {"type": "Feature", "geometry": {"type": "Point", "coordinates": [15.27752, 6.80691]}, "properties": {"source": "Piano Mattei portal", "layer": "mattei", "id": "progetto-roadshow-presso-nazioni-target-africane-per-rafforzare-la-cooperazione-in-formazione-e-ricerca-con-foc-c540534d", "name": "Roadshow in target African nations to strengthen cooperation in training and research with a focus on the innovation opportunities offered by the Italian private sector", "name_it": "Roadshow presso Nazioni target africane per rafforzare la cooperazione in formazione e ricerca con focus sulle opportunit\u00e0 di innovazione offerte dal settore privato italiano", "description": "The Ministry of University and Research has planned to organise, in partnership with the MedOr Foundation, a roadshow aimed at strengthening collaboration between Italy and the nations involved in the Mattei Plan in the field of higher education and research.\nThe roadshows involve representatives of the Italian private sector, ranging from research actors to companies, to foster collaboration and growth opportunities in Africa.", "directives": ["Education/Training/Culture"], "sector": "education", "objective": "Public-private partnerships and bilateral cooperation in the field of training and research", "country": null, "countries": ["DZ", "CI", "EG", "ET", "KE", "MA", "MZ", "CG", "TZ", "SN", "TN", "GH", "MR", "AO"], "country_names": ["Algeria", "C\u00f4te d'Ivoire", "Egypt", "Ethiopia", "Kenya", "Morocco", "Mozambique", "Republic of the Congo", "Tanzania", "Senegal", "Tunisia", "Ghana", "Mauritania", "Angola"], "stage": "Ongoing", "stage_it": "In corso", "dash_status": "under_construction", "amount_text": "To be defined", "amount_eur": null, "amount_currency": null, "amount_shared": null, "implementer": null, "partnerships": null, "international_partners": null, "resources": "Other resources", "geo_precision": 4, "location_name": null, "locations": null, "gallery": 0, "url": "https://www.governo.it/it/piano-mattei/progetti/progetto/progetto-roadshow-presso-nazioni-target-africane-per-rafforzare-la-cooperazione-in-formazione-e-ricerca-con-foc-c540534d/", "url_en": "https://www.governo.it/en/piano-mattei/progetti/progetto/progetto-roadshow-in-target-african-nations-to-strengthen-cooperation-in-training-and-research-with-a-focus-on--8629b7e0/"}}, {"type": "Feature", "geometry": {"type": "Point", "coordinates": [15.27752, 6.80691]}, "properties": {"source": "Piano Mattei portal", "layer": "mattei", "id": "progetto-research-capacity-building-with-africa-initiative-rca-for-boosting-research-infrastructure-for-develop-33c58595", "name": "Research Capacity Building with Africa initiative (RCA) for Boosting Research Infrastructure for Development, Growth, and Empowerment in Africa (BRIDGE AFRICA)", "name_it": "Research Capacity building with Africa initiative (RCA) for Boosting research infrastructure for development, growth, and empowerment in Africa (BRIDGE AFRICA)", "description": "BRIDGE Africa is an initiative aimed at strengthening the African scientific ecosystem by expanding opportunities for access to research, enhancing education and promoting international collaboration. By investing in human capital and research infrastructure, BRIDGE Africa aims to catalyse the continent's transformation into a global leader in scientific innovation and socio-economic development.\nIn this context, the African Light Source (AfLS) initiative represents an opportunity to revolutionise research, training, and relations with industry and policymakers. By offering a platform for cutt", "directives": ["Education/Training/Culture"], "sector": "education", "objective": "Cooperation in the field of research and training", "country": null, "countries": ["MA", "DZ", "KE", "TN"], "country_names": ["Morocco", "Algeria", "Kenya", "Tunisia"], "stage": "Approved", "stage_it": "Approvato", "dash_status": "approved", "amount_text": "EUR 250,000", "amount_eur": 250000.0, "amount_currency": "EUR", "amount_shared": null, "implementer": "University of Bari Aldo Moro, University of Catania, University of Padua", "partnerships": null, "international_partners": null, "resources": "Other resources", "geo_precision": 4, "location_name": null, "locations": null, "gallery": 0, "url": "https://www.governo.it/it/piano-mattei/progetti/progetto/progetto-research-capacity-building-with-africa-initiative-rca-for-boosting-research-infrastructure-for-develop-33c58595/", "url_en": "https://www.governo.it/en/piano-mattei/progetti/progetto/progetto-research-capacity-building-with-africa-initiative-rca-for-boosting-research-infrastructure-for-develop-33c58595/"}}, {"type": "Feature", "geometry": {"type": "Point", "coordinates": [15.27752, 6.80691]}, "properties": {"source": "Piano Mattei portal", "layer": "mattei", "id": "progetto-research-capacity-building-with-africa", "name": "Research capacity building with Africa", "name_it": "Research capacity building with Africa", "description": "The initiative aims to finance Italian public universities and research institutes for transnational training initiatives with African nations, within the framework of the G7 Research Capacity Building with Africa (RCA) initiative.\nThe call provides funding for activities aimed at strengthening the innovation ecosystems of African nations through an integrated approach involving training projects and educational exchanges, in collaboration with local universities and with the participation of institutions from interested G7 nations.\nThe project proposals are in line with the thematic priority ", "directives": ["Education/Training/Culture"], "sector": "education", "objective": "Cooperation in the field of research and training", "country": null, "countries": ["EG", "TN", "MA", "DZ", "KE", "ET", "MZ", "CG", "CI", "AO", "GH", "MR", "SN", "TZ", "GA", "RW", "CD", "ZM"], "country_names": ["Egypt", "Tunisia", "Morocco", "Algeria", "Kenya", "Ethiopia", "Mozambique", "Republic of the Congo", "C\u00f4te d'Ivoire", "Angola", "Ghana", "Mauritania", "Senegal", "Tanzania", "Gabon", "Rwanda", "Democratic Republic of the Congo", "Zambia"], "stage": "Ongoing", "stage_it": "In corso", "dash_status": "under_construction", "amount_text": "EUR 1.5 million", "amount_eur": 1500000.0, "amount_currency": "EUR", "amount_shared": null, "implementer": "Italian and foreign universities", "partnerships": null, "international_partners": null, "resources": "National Recovery and Resilience Plan (NRRP)", "geo_precision": 4, "location_name": null, "locations": null, "gallery": 0, "url": "https://www.governo.it/it/piano-mattei/progetti/progetto/progetto-research-capacity-building-with-africa/", "url_en": "https://www.governo.it/en/piano-mattei/progetti/progetto/progetto-research-capacity-building-with-africa/"}}, {"type": "Feature", "geometry": {"type": "Point", "coordinates": [15.27752, 6.80691]}, "properties": {"source": "Piano Mattei portal", "layer": "mattei", "id": "progetto-iniziative-educative-transnazionali-tne", "name": "Transnational education initiatives (TNE)", "name_it": "Iniziative educative transnazionali (TNE)", "description": "The Ministry of University and Research (MUR) has provided for the granting of funding for Transnational Education Initiatives (TNE), aimed at universities, inter-university consortia and university foundations.\nThe resources allocated amount to EUR 50 million in total and currently cover 24 projects. The funding falls under sub-measure T4 \"Transnational Education Initiatives\", Investment 3.4 \"University teaching and advanced skills\" of the National Recovery and Resilience Plan, Mission 4 \"Education and Research\" \u2013 Component 1 \"Strengthening the provision of education services: from nurseries ", "directives": ["Education/Training/Culture"], "sector": "education", "objective": "Cooperation in the field of research and training", "country": null, "countries": ["EG", "TN", "MA", "DZ", "KE", "ET", "MZ", "CI", "AO", "GH", "MR", "SN", "TZ", "RW", "CD", "ZM"], "country_names": ["Egypt", "Tunisia", "Morocco", "Algeria", "Kenya", "Ethiopia", "Mozambique", "C\u00f4te d'Ivoire", "Angola", "Ghana", "Mauritania", "Senegal", "Tanzania", "Rwanda", "Democratic Republic of the Congo", "Zambia"], "stage": "Completed", "stage_it": "Concluso", "dash_status": "operating", "amount_text": "EUR 30.1 million", "amount_eur": 30100000.0, "amount_currency": "EUR", "amount_shared": null, "implementer": "Italian and foreign universities", "partnerships": null, "international_partners": null, "resources": "National Recovery and Resilience Plan (NRRP)", "geo_precision": 4, "location_name": null, "locations": null, "gallery": 0, "url": "https://www.governo.it/it/piano-mattei/progetti/progetto/progetto-iniziative-educative-transnazionali-tne/", "url_en": "https://www.governo.it/en/piano-mattei/progetti/progetto/progetto-transnational-education-initiatives-tne/"}}, {"type": "Feature", "geometry": {"type": "Point", "coordinates": [15.27752, 6.80691]}, "properties": {"source": "Piano Mattei portal", "layer": "mattei", "id": "progetto-internazionalizzazione-degli-istituti-di-istruzione-superiore-artistica-e-musicale", "name": "Internationalisation of higher education institutions for the arts and music", "name_it": "Internazionalizzazione degli istituti di istruzione superiore artistica e musicale", "description": "The initiative's objective is to support the promotion and internationalisation of the Italian system of Higher Education in Art, Music and Dance (AFAM), through the creation of collaborations with similar institutions and/or universities in the African partner nations. This is also intended to promote knowledge of Italy's artistic and cultural heritage and of the Italian language, exploiting the opportunities offered by technological and digital innovation.\nThe project provides for the establishment of physical and digital platforms capable of promoting and connecting the AFAM system's differ", "directives": ["Education/Training/Culture"], "sector": "education", "objective": "Cooperation in the field of research and training", "country": null, "countries": ["DZ", "EG", "MA", "TN"], "country_names": ["Algeria", "Egypt", "Morocco", "Tunisia"], "stage": "Completed", "stage_it": "Concluso", "dash_status": "operating", "amount_text": "EUR 16 million", "amount_eur": 16000000.0, "amount_currency": "EUR", "amount_shared": null, "implementer": "Italian system of Higher Education in Art, Music and Dance (AFAM), Italian and foreign universities, Academies of Fine Arts and Conservatories", "partnerships": null, "international_partners": null, "resources": "National Recovery and Resilience Plan (NRRP)", "geo_precision": 4, "location_name": null, "locations": null, "gallery": 0, "url": "https://www.governo.it/it/piano-mattei/progetti/progetto/progetto-internazionalizzazione-degli-istituti-di-istruzione-superiore-artistica-e-musicale/", "url_en": "https://www.governo.it/en/piano-mattei/progetti/progetto/progetto-internationalisation-of-higher-education-institutions-for-the-arts-and-music/"}}, {"type": "Feature", "geometry": {"type": "Point", "coordinates": [15.27752, 6.80691]}, "properties": {"source": "Piano Mattei portal", "layer": "mattei", "id": "progetto-ai-hub-for-sustainable-development", "name": "AI Hub for Sustainable Development", "name_it": "AI Hub for Sustainable Development", "description": "The AI Hub for Sustainable Development is an initiative launched under the Italian G7 Presidency in 2024, promoted by the Ministry of Enterprises and Made in Italy (MIMIT) and implemented by the United Nations Development Programme (UNDP), with the explicit endorsement of the G7 Leaders at the Borgo Egnazia Summit.\nConceived as a multi-stakeholder platform complementing existing G7 initiatives, it aims to accelerate sustainable, AI-driven industrial growth in Africa, leveraging local AI ecosystems in strategic sectors such as agriculture, health, infrastructure, education, water and energy. Th", "directives": ["Physical and digital infrastructure"], "sector": "ict", "objective": "Technological innovation and artificial intelligence", "country": null, "countries": null, "country_names": ["Africa"], "stage": "Ongoing", "stage_it": "In corso", "dash_status": "under_construction", "amount_text": "EUR 15 million", "amount_eur": 15000000.0, "amount_currency": "EUR", "amount_shared": null, "implementer": "United Nations Development Programme\n(UNDP)", "partnerships": null, "international_partners": "Global Gateway/Team Europe, UNDP", "resources": "Ministry of Enterprises and Made in Italy", "geo_precision": 4, "location_name": null, "locations": null, "gallery": 0, "url": "https://www.governo.it/it/piano-mattei/progetti/progetto/progetto-ai-hub-for-sustainable-development/", "url_en": "https://www.governo.it/en/piano-mattei/progetti/progetto/progetto-ai-hub-for-sustainable-development/"}}]}